Item Category,Item Description,High Quality Value,Medium Quality Value
Automotive Supplies,Automotive: Amplifier,$81.71,$57.20
Automotive Supplies,Automotive: Antenna Ornament,$5.10,$3.57
Automotive Supplies,Automotive: Bra,$11.79,$8.25
Automotive Supplies,Automotive: Car Cover,$18.52,$12.96
Automotive Supplies,Automotive: Cassette Deck,$18.52,$12.96
Automotive Supplies,Automotive: CD Changer: 10 Disc,$29.50,$20.65
Automotive Supplies,Automotive: CD Changers: 12 Disc,$29.50,$20.65
Automotive Supplies,Automotive: CD Changers: 6 Disc,$47.73,$33.41
Automotive Supplies,Automotive: Cup Holder,$4.60,$3.22
Automotive Supplies,Automotive: Dancing Hula Girl,$8.18,$5.73
Automotive Supplies,Automotive: Dashboard Cover,$16.26,$11.38
Automotive Supplies,Automotive: DVD Player,$49.26,$34.48
Automotive Supplies,Automotive: Floor Mats (Set),$20.92,$14.64
Automotive Supplies,Automotive: Fuzzy Dice,$5.36,$3.75
Automotive Supplies,Automotive: Hood Ornament,$18.07,$12.65
Automotive Supplies,Automotive: Ice Scraper,$3.67,$2.57
Automotive Supplies,Automotive: Jack,$26.93,$18.85
Automotive Supplies,Automotive: Jumper Cables,$21.95,$15.37
Automotive Supplies,Automotive: Keychain,$5.21,$3.65
Automotive Supplies,Automotive: License Plate Frame,$5.82,$4.07
Automotive Supplies,Automotive: Monitor,$19.43,$13.60
Automotive Supplies,Automotive: Mud Guards (Set),$8.03,$5.62
Automotive Supplies,Automotive: Receiver: AM/FM,$30.03,$21.02
Automotive Supplies,Automotive: Receiver: Cassette,$17.15,$12.01
Automotive Supplies,Automotive: Receiver: CD,$33.92,$23.74
Automotive Supplies,Automotive: Receiver: CD/Cassette,$33.92,$23.74
Automotive Supplies,Automotive: Receiver: CD/MP3 Receiver,$41.57,$29.10
Automotive Supplies,Automotive: Seat Cover,$15.81,$11.07
Automotive Supplies,Automotive: Speakers (Pair),$36.02,$25.21
Automotive Supplies,Automotive: Steering Wheel Cover,$37.13,$25.99
Automotive Supplies,Automotive: Subwoofer,$42.79,$29.95
Automotive Supplies,Automotive: Sun Shade,$13.72,$9.60
Automotive Supplies,Automotive: Tire Pressure Gauge,$4.86,$3.40
Automotive Supplies,Automotive: VHS Player,$33.59,$23.51
Automotive Supplies,Automotive: Window Decal,$5.10,$3.57
Baby Gear,Baby Monitor: Audio,$16.78,$11.75
Baby Gear,Baby Monitor: Movement,$24.18,$16.93
Baby Gear,Baby Monitor: Video,$31.65,$22.16
Baby Gear,Baby Rattle,$2.78,$1.95
Baby Gear,Baby Scale,$18.24,$12.77
Baby Gear,Bassinet,$29.09,$20.36
Baby Gear,Bath Mitt,$4.12,$2.88
Baby Gear,Bath Seat,$12.66,$8.86
Baby Gear,Bib,$3.15,$2.21
Baby Gear,Booster Seat,$17.83,$12.48
Baby Gear,Boppy Pillow,$8.16,$5.71
Baby Gear,Bottle Dryer,$11.08,$7.76
Baby Gear,Bottle Sterilizer: Countertop,$16.66,$11.66
Baby Gear,Bottle Sterilizer: Electric,$14.33,$10.03
Baby Gear,Bottle Sterilizer: Microwave,$8.78,$6.15
Baby Gear,Bottle Warmer: Travel,$11.31,$7.92
Baby Gear,Bouncer,$22.64,$15.85
Baby Gear,Bowl,$3.50,$2.45
Baby Gear,Breast Pump: Electric,$42.50,$29.75
Baby Gear,Breast Pump: Manual,$15.61,$10.93
Baby Gear,Busy Box,$9.91,$6.94
Baby Gear,Car Seat: Attachable Toy,$7.23,$5.06
Baby Gear,Car Seat: Cover,$11.49,$8.04
Baby Gear,Car Seat: Head Rest,$5.34,$3.74
Baby Gear,Car Seat: Mat,$3.01,$2.11
Baby Gear,Carrier: Back Pack,$18.04,$12.63
Baby Gear,Carrier: Front Pack,$15.60,$10.92
Baby Gear,Carrier: Sling,$14.40,$10.08
Baby Gear,Changing Pad,$10.12,$7.08
Baby Gear,Changing Table,$52.30,$36.61
Baby Gear,Crib Kick Toy,$9.75,$6.83
Baby Gear,Crib Light,$9.95,$6.97
Baby Gear,Crib Mattress,$22.50,$15.75
Baby Gear,Crib Mirror,$13.85,$9.70
Baby Gear,Crib: Full-Size,$35.83,$25.08
Baby Gear,Crib: Portable,$20.44,$14.31
Baby Gear,Diaper Bag,$14.70,$10.29
Baby Gear,Diaper Cover (Decorative),$4.76,$3.33
Baby Gear,Diaper Genie,$11.86,$8.30
Baby Gear,Diaper Pail,$12.03,$8.42
Baby Gear,Diaper Stacker,$7.47,$5.23
Baby Gear,Dish Set,$6.75,$4.73
Baby Gear,Dishwasher Basket,$4.28,$3.00
Baby Gear,Guard Rail,$16.98,$11.89
Baby Gear,Highchair,$18.52,$12.96
Baby Gear,Hooded Towel,$6.20,$4.34
Baby Gear,Infant Bathtub,$11.63,$8.14
Baby Gear,Infant Swing,$28.42,$19.89
Baby Gear,Jogging Stroller: Double,$90.38,$63.27
Baby Gear,Jogging Stroller: Single,$53.51,$37.46
Baby Gear,Jogging Stroller: Triple,$124.51,$87.16
Baby Gear,Jumper,$19.03,$13.32
Baby Gear,Mobile,$11.82,$8.27
Baby Gear,Moses Basket,$24.63,$17.24
Baby Gear,Plate,$4.12,$2.88
Baby Gear,Play Mat,$15.63,$10.94
Baby Gear,Play Pen,$24.76,$17.33
Baby Gear,Potty Chair,$12.51,$8.76
Baby Gear,Remote Control Crib Toy,$10.63,$7.44
Baby Gear,Safety Gate: Mounted,$23.84,$16.69
Baby Gear,Safety Gate: Pressure,$18.20,$12.74
Baby Gear,Saucer,$9.73,$6.81
Baby Gear,Shopping Cart Cover,$8.40,$5.88
Baby Gear,Sippy Cup,$4.76,$3.33
Baby Gear,Spoon & Fork (Set),$4.12,$2.88
Baby Gear,Stroller: Attachable Toy,$5.44,$3.81
Baby Gear,Stroller: Double,$58.07,$40.65
Baby Gear,Stroller: Drink Holder,$3.01,$2.11
Baby Gear,Stroller: Insect Net,$6.61,$4.63
Baby Gear,Stroller: Single,$55.67,$38.97
Baby Gear,Stroller: Triple,$96.73,$67.71
Baby Gear,Thermometer,$7.75,$5.43
Baby Gear,Toddler Bed Frame,$20.44,$14.31
Baby Gear,Umbrella Stroller: Double,$45.10,$31.57
Baby Gear,Umbrella Stroller: Single,$19.20,$13.44
Baby Gear,Walker,$19.03,$13.32
Baby Gear,Wipe Warmer,$13.17,$9.22
Bedding & Linens,Afghan,$21.43,$15.00
Bedding & Linens,Apron,$7.88,$5.52
Bedding & Linens,Bed Spread: Full/Queen,$20.92,$14.64
Bedding & Linens,Bed Spread: King,$24.35,$17.05
Bedding & Linens,Bed Spread: Set: Full,$26.47,$18.53
Bedding & Linens,Bed Spread: Set: King,$40.87,$28.61
Bedding & Linens,Bed Spread: Set: Queen,$27.43,$19.20
Bedding & Linens,Bed Spread: Set: Twin,$22.27,$15.59
Bedding & Linens,Bed Spread: Twin,$15.09,$10.56
Bedding & Linens,Blanket: Acrylic,$13.17,$9.22
Bedding & Linens,Blanket: Down,$23.44,$16.41
Bedding & Linens,Blanket: Electric: Full,$20.71,$14.50
Bedding & Linens,Blanket: Electric: King,$26.14,$18.30
Bedding & Linens,Blanket: Electric: Queen,$25.38,$17.77
Bedding & Linens,Blanket: Electric: Twin,$20.23,$14.16
Bedding & Linens,Blanket: Flannel,$11.48,$8.04
Bedding & Linens,Blanket: Fleece,$10.12,$7.08
Bedding & Linens,Blanket: Thermal,$14.72,$10.30
Bedding & Linens,Chair Pads (4 Pc Set),$13.02,$9.11
Bedding & Linens,Comforter: Full/Queen,$29.83,$20.88
Bedding & Linens,Comforter: King,$36.69,$25.68
Bedding & Linens,Comforter: Twin,$26.74,$18.72
Bedding & Linens,Crib/Toddler Bedding: Bumper Pad,$13.20,$9.24
Bedding & Linens,Crib/Toddler Bedding: Fitted Sheet,$9.63,$6.74
Bedding & Linens,Crib/Toddler Bedding: Mattress Pad,$11.76,$8.23
Bedding & Linens,Crib/Toddler Bedding: Quilt/Comforter,$15.07,$10.55
Bedding & Linens,Crib/Toddler Bedding: Skirt/Dust Ruffle,$9.91,$6.94
Bedding & Linens,Dinner Napkins (Set),$7.50,$5.25
Bedding & Linens,Dish Towel,$4.19,$2.93
Bedding & Linens,Duvet Cover: Full/Queen,$26.40,$18.48
Bedding & Linens,Duvet Cover: King,$33.44,$23.41
Bedding & Linens,Duvet Cover: Twin,$18.48,$12.94
Bedding & Linens,Mattress Pad: Full,$18.91,$13.24
Bedding & Linens,Mattress Pad: King,$35.19,$24.63
Bedding & Linens,Mattress Pad: Queen,$25.78,$18.05
Bedding & Linens,Mattress Pad: Twin,$15.95,$11.17
Bedding & Linens,Mattress Pad: Twin Extra Long,$17.54,$12.28
Bedding & Linens,Napkin Rings (Set),$6.65,$4.66
Bedding & Linens,Nursery: Receiving Blanket,$9.09,$6.36
Bedding & Linens,Nursery: Waterproof Crib Pad,$7.16,$5.01
Bedding & Linens,Nursery: Waterproof Lap Pad,$5.15,$3.61
Bedding & Linens,Nursery: Waterproof Seat/Stroller Pad,$8.75,$6.13
Bedding & Linens,Oven Mitt,$5.34,$3.74
Bedding & Linens,Pillow,$12.33,$8.63
Bedding & Linens,Pillow Sham,$11.00,$7.70
Bedding & Linens,Pillowcases (Pair),$7.26,$5.08
Bedding & Linens,Placemats (Set),$9.77,$6.84
Bedding & Linens,Pot Holder,$4.18,$2.93
Bedding & Linens,Quilt: Full/Queen,$40.64,$28.45
Bedding & Linens,Quilt: King,$54.71,$38.30
Bedding & Linens,Quilt: Twin,$25.59,$17.91
Bedding & Linens,Sheet Set: Full,$17.31,$12.12
Bedding & Linens,Sheet Set: King,$26.11,$18.28
Bedding & Linens,Sheet Set: Queen,$20.52,$14.36
Bedding & Linens,Sheet Set: Twin,$14.88,$10.42
Bedding & Linens,Sheet: Fitted: Full,$17.94,$12.56
Bedding & Linens,Sheet: Fitted: King,$22.80,$15.96
Bedding & Linens,Sheet: Fitted: Queen,$20.92,$14.64
Bedding & Linens,Sheet: Fitted: Twin,$12.00,$8.40
Bedding & Linens,Sheet: Flat: Full,$13.48,$9.44
Bedding & Linens,Sheet: Flat: King,$22.23,$15.56
Bedding & Linens,Sheet: Flat: Queen,$18.73,$13.11
Bedding & Linens,Sheet: Flat: Twin,$16.11,$11.28
Bedding & Linens,Skirt/Dust Ruffle: Full,$14.85,$10.40
Bedding & Linens,Skirt/Dust Ruffle: King,$19.59,$13.71
Bedding & Linens,Skirt/Dust Ruffle: Queen,$18.71,$13.10
Bedding & Linens,Skirt/Dust Ruffle: Twin,$11.80,$8.26
Bedding & Linens,Table Runner,$10.99,$7.69
Bedding & Linens,Tablecloth,$11.82,$8.27
Bedding & Linens,Throw Pillow,$11.31,$7.92
"Books, Movies & Music",Address Book,$8.44,$5.91
"Books, Movies & Music",Book: Audio: Cassette,$6.02,$4.21
"Books, Movies & Music",Book: Audio: CD,$8.08,$5.66
"Books, Movies & Music",Book: Children's: Board,$6.51,$4.56
"Books, Movies & Music",Book: Children's: Cloth,$6.31,$4.42
"Books, Movies & Music",Book: Children's: Hardcover,$9.66,$6.76
"Books, Movies & Music",Book: Children's: Softcover,$4.80,$3.36
"Books, Movies & Music",Book: Hardcover,$11.34,$7.94
"Books, Movies & Music",Book: Softcover,$5.48,$3.84
"Books, Movies & Music",Book: Textbook,$9.00,$6.30
"Books, Movies & Music",Cassette/CD Storage: Case/Rack,$11.48,$8.04
"Books, Movies & Music",Cassette/CD Storage: Travel Case,$9.92,$6.94
"Books, Movies & Music",Magazine,$3.30,$2.31
"Books, Movies & Music",Movie: DVD,$7.72,$5.40
"Books, Movies & Music",Movie: VHS,$7.71,$5.40
"Books, Movies & Music",Music: Cassette Tape,$3.95,$2.77
"Books, Movies & Music",Music: CD,$4.32,$3.02
"Books, Movies & Music",Music: Record/Vinyl,$7.03,$4.92
Cameras & Equipment,Camera Bag,$17.25,$12.08
Cameras & Equipment,Camera Case,$9.46,$6.62
Cameras & Equipment,Digital Camera,$31.03,$21.72
Cameras & Equipment,Film Camera,$58.30,$40.81
Cameras & Equipment,Memory Card Reader: CompactFlash,$7.71,$5.40
Cameras & Equipment,Memory Card Reader: Memory Stick,$6.30,$4.41
Cameras & Equipment,Memory Card Reader: MultiMedia/Secure Digital,$6.85,$4.80
Cameras & Equipment,Memory Card Reader: Multiple Formats,$7.72,$5.40
Cameras & Equipment,Memory Card Reader: SmartMedia,$7.33,$5.13
Cameras & Equipment,Memory Card Reader: xD Picture Card,$6.34,$4.44
Cameras & Equipment,Memory Card: CompactFlash: 1 GB,$7.20,$5.04
Cameras & Equipment,Memory Card: CompactFlash: 2 GB,$7.71,$5.40
Cameras & Equipment,Memory Card: MultiMedia: 1 GB,$8.16,$5.71
Cameras & Equipment,Memory Card: Secure Digital: 1 GB,$3.93,$2.75
Cameras & Equipment,Memory Card: Secure Digital: 2 GB,$4.73,$3.31
Cameras & Equipment,Memory Card: XD Picture Card: 1 GB,$6.16,$4.31
Cameras & Equipment,Memory Card: XD Picture Card: 2 GB,$6.51,$4.56
Cameras & Equipment,Tripod,$25.71,$18.00
"Clothing, Footwear & Accessories",Bandana,$4.25,$2.98
"Clothing, Footwear & Accessories",Baseball Cap: Adult,$6.54,$4.58
"Clothing, Footwear & Accessories",Baseball Cap: Youth,$5.82,$4.07
"Clothing, Footwear & Accessories",Belt Buckle: Adult,$12.04,$8.43
"Clothing, Footwear & Accessories",Belt Buckle: Youth,$8.43,$5.90
"Clothing, Footwear & Accessories",Belt: Adult,$9.09,$6.36
"Clothing, Footwear & Accessories",Belt: Youth,$7.09,$4.96
"Clothing, Footwear & Accessories",Boots: Fashion: Adult,$22.11,$15.48
"Clothing, Footwear & Accessories",Boots: Fashion: Youth,$13.41,$9.39
"Clothing, Footwear & Accessories",Boots: Hiking: Adult,$25.03,$17.52
"Clothing, Footwear & Accessories",Boots: Hiking: Youth,$19.51,$13.66
"Clothing, Footwear & Accessories",Boots: Snow: Adult,$23.10,$16.17
"Clothing, Footwear & Accessories",Boots: Snow: Youth,$17.58,$12.31
"Clothing, Footwear & Accessories",Boots: Western: Adult,$41.29,$28.90
"Clothing, Footwear & Accessories",Boots: Western: Youth,$21.90,$15.33
"Clothing, Footwear & Accessories",Bow Tie,$6.54,$4.58
"Clothing, Footwear & Accessories",Boy's Jogging Suit,$10.26,$7.18
"Clothing, Footwear & Accessories",Boy's Pants: Cargo,$8.60,$6.02
"Clothing, Footwear & Accessories",Boy's Pants: Carpenter,$9.91,$6.94
"Clothing, Footwear & Accessories",Boy's Pants: Chinos/Khakis,$7.94,$5.56
"Clothing, Footwear & Accessories",Boy's Pants: Corduroy,$8.43,$5.90
"Clothing, Footwear & Accessories",Boy's Pants: Dress Slacks,$8.24,$5.77
"Clothing, Footwear & Accessories",Boy's Pants: Jeans/Denim,$9.07,$6.35
"Clothing, Footwear & Accessories",Boy's Pants: Nylon/Athletic,$8.79,$6.15
"Clothing, Footwear & Accessories",Boy's Pants: Overalls/Coveralls,$11.41,$7.99
"Clothing, Footwear & Accessories",Boy's Pants: Sweatpants/Fleece,$8.19,$5.73
"Clothing, Footwear & Accessories",Boy's Shirt: Dress Shirt,$7.79,$5.45
"Clothing, Footwear & Accessories",Boy's Shirt: Flannel,$7.85,$5.50
"Clothing, Footwear & Accessories",Boy's Shirt: Jersey,$7.85,$5.50
"Clothing, Footwear & Accessories",Boy's Shirt: Mock Turtleneck,$7.20,$5.04
"Clothing, Footwear & Accessories",Boy's Shirt: Polo,$8.09,$5.66
"Clothing, Footwear & Accessories",Boy's Shirt: Rugby,$8.54,$5.98
"Clothing, Footwear & Accessories",Boy's Shirt: Sweatshirt/Fleece,$7.69,$5.38
"Clothing, Footwear & Accessories",Boy's Shirt: T-Shirt,$5.82,$4.07
"Clothing, Footwear & Accessories",Boy's Shirt: Tank,$5.34,$3.74
"Clothing, Footwear & Accessories",Boy's Shirt: Turtleneck,$7.61,$5.33
"Clothing, Footwear & Accessories",Boy's Shorts: Cargo,$7.71,$5.40
"Clothing, Footwear & Accessories",Boy's Shorts: Carpenter,$8.07,$5.65
"Clothing, Footwear & Accessories",Boy's Shorts: Chinos/Khakis,$7.71,$5.40
"Clothing, Footwear & Accessories",Boy's Shorts: Jeans/Denim,$8.40,$5.88
"Clothing, Footwear & Accessories",Boy's Shorts: Nylon/Athletic,$8.54,$5.98
"Clothing, Footwear & Accessories",Boy's Sleepwear: Lounge Pants,$6.88,$4.82
"Clothing, Footwear & Accessories",Boy's Sleepwear: Pajama Set,$8.73,$6.11
"Clothing, Footwear & Accessories",Boy's Sleepwear: Robe,$8.91,$6.24
"Clothing, Footwear & Accessories",Boy's Suit: Sport Coat,$17.99,$12.59
"Clothing, Footwear & Accessories",Boy's Suit: Two-Piece,$18.51,$12.96
"Clothing, Footwear & Accessories",Boy's Sweater: Cardigan,$9.43,$6.60
"Clothing, Footwear & Accessories",Boy's Sweater: Pullover,$9.00,$6.30
"Clothing, Footwear & Accessories",Boy's Sweater: Vest,$8.54,$5.98
"Clothing, Footwear & Accessories",Boy's Swimwear: Trunks,$7.37,$5.16
"Clothing, Footwear & Accessories",Boy's Undergarments: Socks,$2.09,$1.46
"Clothing, Footwear & Accessories",Boy's Undergarments: Thermal Pants,$6.41,$4.49
"Clothing, Footwear & Accessories",Boy's Undergarments: Thermal Shirt,$5.82,$4.07
"Clothing, Footwear & Accessories",Boy's Undergarments: Underwear,$2.78,$1.95
"Clothing, Footwear & Accessories",Clutch Wallet,$12.55,$8.79
"Clothing, Footwear & Accessories",Coin Purse,$8.22,$5.75
"Clothing, Footwear & Accessories",Costume Jewelry: Belly/Navel Ring,$4.15,$2.91
"Clothing, Footwear & Accessories",Costume Jewelry: Bracelet,$5.53,$3.87
"Clothing, Footwear & Accessories",Costume Jewelry: Earrings,$5.34,$3.74
"Clothing, Footwear & Accessories",Costume Jewelry: Necklace,$5.77,$4.04
"Clothing, Footwear & Accessories",Costume Jewelry: Pin,$5.76,$4.03
"Clothing, Footwear & Accessories",Costume Jewelry: Ring,$5.82,$4.07
"Clothing, Footwear & Accessories",Dress Hat: Adult,$8.85,$6.20
"Clothing, Footwear & Accessories",Dress Hat: Youth,$7.82,$5.47
"Clothing, Footwear & Accessories",Ear Muffs: Adult,$6.10,$4.27
"Clothing, Footwear & Accessories",Ear Muffs: Youth,$4.76,$3.33
"Clothing, Footwear & Accessories",Fashion Scarf,$8.21,$5.75
"Clothing, Footwear & Accessories",Girl's Dress: All Occasion,$10.28,$7.20
"Clothing, Footwear & Accessories",Girl's Dress: Formal,$15.38,$10.77
"Clothing, Footwear & Accessories",Girl's Jogging Suit,$9.60,$6.72
"Clothing, Footwear & Accessories",Girl's Pants: Capris,$8.18,$5.73
"Clothing, Footwear & Accessories",Girl's Pants: Cargo,$8.79,$6.15
"Clothing, Footwear & Accessories",Girl's Pants: Carpenter,$9.81,$6.87
"Clothing, Footwear & Accessories",Girl's Pants: Chinos/Khakis,$5.55,$3.89
"Clothing, Footwear & Accessories",Girl's Pants: Corduroy,$8.19,$5.73
"Clothing, Footwear & Accessories",Girl's Pants: Dress Slacks,$7.72,$5.40
"Clothing, Footwear & Accessories",Girl's Pants: Jeans/Denim,$9.13,$6.39
"Clothing, Footwear & Accessories",Girl's Pants: Leggings,$8.57,$6.00
"Clothing, Footwear & Accessories",Girl's Pants: Nylon/Athletic,$9.39,$6.57
"Clothing, Footwear & Accessories",Girl's Pants: Overalls/Coveralls,$10.87,$7.61
"Clothing, Footwear & Accessories",Girl's Pants: Sweatpants/Fleece,$7.71,$5.40
"Clothing, Footwear & Accessories",Girl's Shirt: Dress Shirt,$8.57,$6.00
"Clothing, Footwear & Accessories",Girl's Shirt: Flannel,$7.36,$5.15
"Clothing, Footwear & Accessories",Girl's Shirt: Halter,$7.37,$5.16
"Clothing, Footwear & Accessories",Girl's Shirt: Jersey,$8.81,$6.17
"Clothing, Footwear & Accessories",Girl's Shirt: Mock Turtleneck,$6.29,$4.40
"Clothing, Footwear & Accessories",Girl's Shirt: Polo,$7.37,$5.16
"Clothing, Footwear & Accessories",Girl's Shirt: Rugby,$7.84,$5.49
"Clothing, Footwear & Accessories",Girl's Shirt: Sweatshirt/Fleece,$8.87,$6.21
"Clothing, Footwear & Accessories",Girl's Shirt: T-Shirt,$5.32,$3.72
"Clothing, Footwear & Accessories",Girl's Shirt: Tank,$6.16,$4.31
"Clothing, Footwear & Accessories",Girl's Shirt: Turtleneck,$6.96,$4.87
"Clothing, Footwear & Accessories",Girl's Shorts: Cargo,$6.44,$4.51
"Clothing, Footwear & Accessories",Girl's Shorts: Carpenter,$6.65,$4.66
"Clothing, Footwear & Accessories",Girl's Shorts: Chinos/Khakis,$6.89,$4.82
"Clothing, Footwear & Accessories",Girl's Shorts: Jeans/Denim,$6.95,$4.87
"Clothing, Footwear & Accessories",Girl's Shorts: Nylon/Athletic,$8.57,$6.00
"Clothing, Footwear & Accessories",Girl's Skirt: Full-Length,$8.39,$5.87
"Clothing, Footwear & Accessories",Girl's Skirt: Knee-Length,$8.23,$5.76
"Clothing, Footwear & Accessories",Girl's Skirt: Mini,$8.47,$5.93
"Clothing, Footwear & Accessories",Girl's Skirt: Skorts,$7.37,$5.16
"Clothing, Footwear & Accessories",Girl's Sweater: Cardigan,$8.93,$6.25
"Clothing, Footwear & Accessories",Girl's Sweater: Pullover,$9.03,$6.32
"Clothing, Footwear & Accessories",Girl's Sweater: Vest,$8.05,$5.64
"Clothing, Footwear & Accessories",Girl's Swimwear: Cover Up,$8.19,$5.73
"Clothing, Footwear & Accessories",Girl's Swimwear: One-Piece,$8.56,$5.99
"Clothing, Footwear & Accessories",Girl's Swimwear: Two-Piece,$8.56,$5.99
"Clothing, Footwear & Accessories",Girl's Undergarments: Bra,$4.38,$3.07
"Clothing, Footwear & Accessories",Girl's Undergarments: Slip: Full,$6.17,$4.32
"Clothing, Footwear & Accessories",Girl's Undergarments: Slip: Half,$4.35,$3.05
"Clothing, Footwear & Accessories",Girl's Undergarments: Socks,$2.09,$1.46
"Clothing, Footwear & Accessories",Girl's Undergarments: Thermal Pants,$4.65,$3.26
"Clothing, Footwear & Accessories",Girl's Undergarments: Thermal Shirt,$5.80,$4.06
"Clothing, Footwear & Accessories",Girl's Undergarments: Underwear,$2.44,$1.71
"Clothing, Footwear & Accessories",Girls' Sleepwear: Lounge Pants,$7.01,$4.91
"Clothing, Footwear & Accessories",Girls' Sleepwear: Nightgown,$8.56,$5.99
"Clothing, Footwear & Accessories",Girls' Sleepwear: Nightshirt,$5.68,$3.98
"Clothing, Footwear & Accessories",Girls' Sleepwear: Other,$9.64,$6.75
"Clothing, Footwear & Accessories",Girls' Sleepwear: Pajama Set,$8.63,$6.04
"Clothing, Footwear & Accessories",Girls' Sleepwear: Robe,$8.91,$6.24
"Clothing, Footwear & Accessories",Glasses Case,$3.84,$2.69
"Clothing, Footwear & Accessories",Halloween Ensemble: Adult,$19.72,$13.80
"Clothing, Footwear & Accessories",Halloween Ensemble: Youth,$13.19,$9.23
"Clothing, Footwear & Accessories",Halloween Mask,$8.22,$5.75
"Clothing, Footwear & Accessories",Halloween Wig,$7.71,$5.40
"Clothing, Footwear & Accessories",Headband,$6.61,$4.63
"Clothing, Footwear & Accessories",Infant's Body Suit/Snap Crotch Shirt,$5.47,$3.83
"Clothing, Footwear & Accessories",Infant's Dress,$8.03,$5.62
"Clothing, Footwear & Accessories",Infant's Jogging Suit,$7.82,$5.47
"Clothing, Footwear & Accessories",Infant's Onesie,$5.00,$3.50
"Clothing, Footwear & Accessories",Infant's Outfit: One-Piece,$6.68,$4.68
"Clothing, Footwear & Accessories",Infant's Outfit: Two-Piece,$6.94,$4.86
"Clothing, Footwear & Accessories",Infant's Pants,$5.24,$3.67
"Clothing, Footwear & Accessories",Infant's Shirt,$4.45,$3.12
"Clothing, Footwear & Accessories",Infant's Shorts,$4.90,$3.43
"Clothing, Footwear & Accessories",Infant's Skirt,$9.06,$6.34
"Clothing, Footwear & Accessories",Infant's Sleepwear: Footed Pajamas,$7.83,$5.48
"Clothing, Footwear & Accessories",Infant's Sleepwear: Gown,$7.65,$5.36
"Clothing, Footwear & Accessories",Infant's Sleepwear: Pajama Set,$9.26,$6.48
"Clothing, Footwear & Accessories",Infant's Sweater,$5.98,$4.19
"Clothing, Footwear & Accessories",Infant's Swimsuit,$6.85,$4.80
"Clothing, Footwear & Accessories",Infant's Undergarments: Onesie,$4.49,$3.14
"Clothing, Footwear & Accessories",Infant's Undergarments: Socks,$3.77,$2.64
"Clothing, Footwear & Accessories",Infant's Undergarments: Thermal Pants,$9.78,$6.85
"Clothing, Footwear & Accessories",Infant's Undergarments: Thermal Shirt,$3.60,$2.52
"Clothing, Footwear & Accessories",Jacket: Adult,$17.04,$11.93
"Clothing, Footwear & Accessories",Jacket: Youth,$11.82,$8.27
"Clothing, Footwear & Accessories",Maternity Dress: All Occasion,$13.64,$9.55
"Clothing, Footwear & Accessories",Maternity Dress: Formal,$20.14,$14.10
"Clothing, Footwear & Accessories",Maternity Jogging Suit,$12.51,$8.76
"Clothing, Footwear & Accessories",Maternity Pants: Capris,$10.07,$7.05
"Clothing, Footwear & Accessories",Maternity Pants: Cargo,$9.75,$6.83
"Clothing, Footwear & Accessories",Maternity Pants: Chinos/Khakis,$9.71,$6.80
"Clothing, Footwear & Accessories",Maternity Pants: Corduroy,$9.43,$6.60
"Clothing, Footwear & Accessories",Maternity Pants: Dress Slacks,$9.18,$6.43
"Clothing, Footwear & Accessories",Maternity Pants: Jeans/Denim,$10.15,$7.11
"Clothing, Footwear & Accessories",Maternity Pants: Leggings,$8.40,$5.88
"Clothing, Footwear & Accessories",Maternity Pants: Nylon/Athletic,$11.35,$7.95
"Clothing, Footwear & Accessories",Maternity Pants: Overalls/Coveralls,$12.69,$8.88
"Clothing, Footwear & Accessories",Maternity Pants: Sweatpants/Fleece,$10.63,$7.44
"Clothing, Footwear & Accessories",Maternity Shirt: Camisole,$6.55,$4.59
"Clothing, Footwear & Accessories",Maternity Shirt: Dress Shirt,$8.25,$5.78
"Clothing, Footwear & Accessories",Maternity Shirt: Flannel,$6.85,$4.80
"Clothing, Footwear & Accessories",Maternity Shirt: Halter,$11.48,$8.04
"Clothing, Footwear & Accessories",Maternity Shirt: Jersey,$6.78,$4.75
"Clothing, Footwear & Accessories",Maternity Shirt: Mock Turtleneck,$7.16,$5.01
"Clothing, Footwear & Accessories",Maternity Shirt: Polo,$8.74,$6.12
"Clothing, Footwear & Accessories",Maternity Shirt: Rugby,$7.00,$4.90
"Clothing, Footwear & Accessories",Maternity Shirt: Strapless,$8.84,$6.19
"Clothing, Footwear & Accessories",Maternity Shirt: Sweatshirt/Fleece,$8.63,$6.04
"Clothing, Footwear & Accessories",Maternity Shirt: T-Shirt,$6.25,$4.38
"Clothing, Footwear & Accessories",Maternity Shirt: Tank,$6.39,$4.47
"Clothing, Footwear & Accessories",Maternity Shirt: Turtleneck,$7.23,$5.06
"Clothing, Footwear & Accessories",Maternity Shirt: Work/Uniform,$8.67,$6.07
"Clothing, Footwear & Accessories",Maternity Shorts: Cargo,$9.35,$6.55
"Clothing, Footwear & Accessories",Maternity Shorts: Chinos/Khakis,$9.91,$6.94
"Clothing, Footwear & Accessories",Maternity Shorts: Jeans/Denim,$9.42,$6.59
"Clothing, Footwear & Accessories",Maternity Shorts: Nylon/Athletic,$12.38,$8.67
"Clothing, Footwear & Accessories",Maternity Skirt,$10.07,$7.05
"Clothing, Footwear & Accessories",Maternity Sleepwear: Nightgown,$10.37,$7.26
"Clothing, Footwear & Accessories",Maternity Sleepwear: Pajama Set,$12.29,$8.60
"Clothing, Footwear & Accessories",Maternity Suit: Blazer,$15.96,$11.17
"Clothing, Footwear & Accessories",Maternity Suit: Other,$22.50,$15.75
"Clothing, Footwear & Accessories",Maternity Suit: Pant Suit,$20.23,$14.16
"Clothing, Footwear & Accessories",Maternity Suit: Skirt Suit,$18.79,$13.15
"Clothing, Footwear & Accessories",Maternity Sweater: Cardigan,$10.78,$7.55
"Clothing, Footwear & Accessories",Maternity Sweater: Pullover,$9.36,$6.55
"Clothing, Footwear & Accessories",Maternity Sweater: Vest,$11.56,$8.09
"Clothing, Footwear & Accessories",Maternity Swimwear: Cover Up,$12.48,$8.74
"Clothing, Footwear & Accessories",Maternity Swimwear: One-Piece,$12.00,$8.40
"Clothing, Footwear & Accessories",Maternity Swimwear: Other,$12.00,$8.40
"Clothing, Footwear & Accessories",Maternity Swimwear: Two-Piece,$11.61,$8.13
"Clothing, Footwear & Accessories",Maternity Undergarments: Girdle,$8.47,$5.93
"Clothing, Footwear & Accessories",Maternity Undergarments: Nursing Bra,$7.94,$5.56
"Clothing, Footwear & Accessories",Maternity Undergarments: Slip: Full,$9.26,$6.48
"Clothing, Footwear & Accessories",Maternity Undergarments: Slip: Half,$8.75,$6.13
"Clothing, Footwear & Accessories",Maternity Undergarments: Thermal Pants,$7.99,$5.59
"Clothing, Footwear & Accessories",Maternity Undergarments: Thermal Shirt,$7.91,$5.54
"Clothing, Footwear & Accessories",Maternity Undergarments: Underwear,$4.91,$3.44
"Clothing, Footwear & Accessories",Men's Jogging Suit,$17.48,$12.24
"Clothing, Footwear & Accessories",Men's Medical Scrubs: Pants,$12.68,$8.88
"Clothing, Footwear & Accessories",Men's Medical Scrubs: Shirt,$12.73,$8.91
"Clothing, Footwear & Accessories",Men's Pants: Cargo,$15.59,$10.91
"Clothing, Footwear & Accessories",Men's Pants: Carpenter,$14.03,$9.82
"Clothing, Footwear & Accessories",Men's Pants: Chinos/Khakis,$12.68,$8.88
"Clothing, Footwear & Accessories",Men's Pants: Corduroy,$13.20,$9.24
"Clothing, Footwear & Accessories",Men's Pants: Dress Slacks,$12.00,$8.40
"Clothing, Footwear & Accessories",Men's Pants: Jeans/Denim,$13.45,$9.42
"Clothing, Footwear & Accessories",Men's Pants: Nylon/Athletic,$13.44,$9.41
"Clothing, Footwear & Accessories",Men's Pants: Overalls/Coveralls,$23.48,$16.44
"Clothing, Footwear & Accessories",Men's Pants: Sweatpants/Fleece,$14.23,$9.96
"Clothing, Footwear & Accessories",Men's Shirt: Dress Shirt,$10.87,$7.61
"Clothing, Footwear & Accessories",Men's Shirt: Flannel,$11.93,$8.35
"Clothing, Footwear & Accessories",Men's Shirt: Jersey,$9.84,$6.89
"Clothing, Footwear & Accessories",Men's Shirt: Mock Turtleneck,$9.87,$6.91
"Clothing, Footwear & Accessories",Men's Shirt: Polo,$10.20,$7.14
"Clothing, Footwear & Accessories",Men's Shirt: Rugby,$11.60,$8.12
"Clothing, Footwear & Accessories",Men's Shirt: Sweatshirt/Fleece,$11.82,$8.27
"Clothing, Footwear & Accessories",Men's Shirt: T-Shirt,$9.29,$6.50
"Clothing, Footwear & Accessories",Men's Shirt: Tank,$8.57,$6.00
"Clothing, Footwear & Accessories",Men's Shirt: Turtleneck,$10.36,$7.25
"Clothing, Footwear & Accessories",Men's Shirt: Work/Uniform,$9.93,$6.95
"Clothing, Footwear & Accessories",Men's Shorts: Cargo,$12.01,$8.41
"Clothing, Footwear & Accessories",Men's Shorts: Carpenter,$11.81,$8.27
"Clothing, Footwear & Accessories",Men's Shorts: Chinos/Khakis,$11.84,$8.29
"Clothing, Footwear & Accessories",Men's Shorts: Jeans/Denim,$11.75,$8.23
"Clothing, Footwear & Accessories",Men's Shorts: Nylon/Athletic,$12.54,$8.78
"Clothing, Footwear & Accessories",Men's Sleepwear: Lounge Pants,$8.91,$6.24
"Clothing, Footwear & Accessories",Men's Sleepwear: Pajama Set,$12.72,$8.90
"Clothing, Footwear & Accessories",Men's Sleepwear: Robe,$13.68,$9.58
"Clothing, Footwear & Accessories",Men's Suit: Sport Coat,$26.74,$18.72
"Clothing, Footwear & Accessories",Men's Suit: Suit Jacket,$27.95,$19.57
"Clothing, Footwear & Accessories",Men's Suit: Three-Piece,$48.94,$34.26
"Clothing, Footwear & Accessories",Men's Suit: Two-Piece,$51.58,$36.11
"Clothing, Footwear & Accessories",Men's Sweater: Cardigan,$15.09,$10.56
"Clothing, Footwear & Accessories",Men's Sweater: Pullover,$13.69,$9.58
"Clothing, Footwear & Accessories",Men's Sweater: Vest,$12.31,$8.62
"Clothing, Footwear & Accessories",Men's Swimwear: Bikini,$11.32,$7.92
"Clothing, Footwear & Accessories",Men's Swimwear: Trunks,$12.41,$8.69
"Clothing, Footwear & Accessories",Men's Undergarments: Socks,$2.09,$1.46
"Clothing, Footwear & Accessories",Men's Undergarments: Thermal Pants,$9.77,$6.84
"Clothing, Footwear & Accessories",Men's Undergarments: Thermal Shirt,$9.53,$6.67
"Clothing, Footwear & Accessories",Men's Undergarments: Underwear,$7.92,$5.54
"Clothing, Footwear & Accessories",Mittens or Gloves: Adult,$6.78,$4.75
"Clothing, Footwear & Accessories",Mittens or Gloves: Youth,$4.42,$3.09
"Clothing, Footwear & Accessories",Neck Tie,$6.97,$4.88
"Clothing, Footwear & Accessories",Purse: Girl's,$12.54,$8.78
"Clothing, Footwear & Accessories",Purse: Women's,$17.23,$12.06
"Clothing, Footwear & Accessories",Sandals: Leather: Adult,$14.67,$10.27
"Clothing, Footwear & Accessories",Sandals: Leather: Youth,$11.59,$8.11
"Clothing, Footwear & Accessories",Shoes: Athletic: Adult,$17.99,$12.59
"Clothing, Footwear & Accessories",Shoes: Athletic: Youth,$11.83,$8.28
"Clothing, Footwear & Accessories",Shoes: Casual: Adult,$15.42,$10.79
"Clothing, Footwear & Accessories",Shoes: Casual: Youth,$13.03,$9.12
"Clothing, Footwear & Accessories",Shoes: Dress: Adult,$17.12,$11.98
"Clothing, Footwear & Accessories",Shoes: Dress: Youth,$10.15,$7.11
"Clothing, Footwear & Accessories",Slippers: Adult,$10.98,$7.69
"Clothing, Footwear & Accessories",Slippers: Youth,$8.43,$5.90
"Clothing, Footwear & Accessories","Snowsuit, Bibs or Pants: Adult",$20.92,$14.64
"Clothing, Footwear & Accessories","Snowsuit, Bibs or Pants: Youth",$18.52,$12.96
"Clothing, Footwear & Accessories",Stocking Hat: Adult,$6.78,$4.75
"Clothing, Footwear & Accessories",Stocking Hat: Youth,$6.44,$4.51
"Clothing, Footwear & Accessories",Sunglasses,$16.29,$11.40
"Clothing, Footwear & Accessories",Suspenders: Adult,$8.19,$5.73
"Clothing, Footwear & Accessories",Suspenders: Youth,$6.03,$4.22
"Clothing, Footwear & Accessories",Toddler's Dress: All Occasion,$9.63,$6.74
"Clothing, Footwear & Accessories",Toddler's Dress: Formal,$10.07,$7.05
"Clothing, Footwear & Accessories",Toddler's Jogging Suit,$9.25,$6.48
"Clothing, Footwear & Accessories",Toddler's Outfit: One-Piece,$7.37,$5.16
"Clothing, Footwear & Accessories",Toddler's Outfit: Two-Piece,$7.66,$5.36
"Clothing, Footwear & Accessories",Toddler's Pants: Capris,$5.34,$3.74
"Clothing, Footwear & Accessories",Toddler's Pants: Cargo,$7.60,$5.32
"Clothing, Footwear & Accessories",Toddler's Pants: Carpenter,$6.88,$4.82
"Clothing, Footwear & Accessories",Toddler's Pants: Chinos/Khakis,$8.09,$5.66
"Clothing, Footwear & Accessories",Toddler's Pants: Corduroy,$6.65,$4.66
"Clothing, Footwear & Accessories",Toddler's Pants: Dress Slacks,$6.27,$4.39
"Clothing, Footwear & Accessories",Toddler's Pants: Jeans/Denim,$7.06,$4.94
"Clothing, Footwear & Accessories",Toddler's Pants: Leggings,$6.13,$4.29
"Clothing, Footwear & Accessories",Toddler's Pants: Nylon/Athletic,$6.03,$4.22
"Clothing, Footwear & Accessories",Toddler's Pants: Overalls/Coveralls,$9.15,$6.41
"Clothing, Footwear & Accessories",Toddler's Pants: Sweatpants/Fleece,$5.72,$4.00
"Clothing, Footwear & Accessories",Toddler's Shirt: Dress Shirt,$6.16,$4.31
"Clothing, Footwear & Accessories",Toddler's Shirt: Flannel,$5.42,$3.79
"Clothing, Footwear & Accessories",Toddler's Shirt: Jersey,$5.76,$4.03
"Clothing, Footwear & Accessories",Toddler's Shirt: Mock Turtleneck,$5.34,$3.74
"Clothing, Footwear & Accessories",Toddler's Shirt: Polo,$6.34,$4.44
"Clothing, Footwear & Accessories",Toddler's Shirt: Rugby,$5.90,$4.13
"Clothing, Footwear & Accessories",Toddler's Shirt: Sweatshirt/Fleece,$5.87,$4.11
"Clothing, Footwear & Accessories",Toddler's Shirt: T-Shirt,$6.51,$4.56
"Clothing, Footwear & Accessories",Toddler's Shirt: Tank,$4.83,$3.38
"Clothing, Footwear & Accessories",Toddler's Shirt: Turtleneck,$5.88,$4.12
"Clothing, Footwear & Accessories",Toddler's Shorts: Cargo,$6.16,$4.31
"Clothing, Footwear & Accessories",Toddler's Shorts: Carpenter,$5.58,$3.91
"Clothing, Footwear & Accessories",Toddler's Shorts: Chinos/Khakis,$5.44,$3.81
"Clothing, Footwear & Accessories",Toddler's Shorts: Jeans/Denim,$6.16,$4.31
"Clothing, Footwear & Accessories",Toddler's Shorts: Nylon/Athletic,$5.10,$3.57
"Clothing, Footwear & Accessories",Toddler's Skirt,$7.13,$4.99
"Clothing, Footwear & Accessories",Toddler's Sleepwear: Footed Pajamas,$6.97,$4.88
"Clothing, Footwear & Accessories",Toddler's Sleepwear: Lounge Pants,$4.87,$3.41
"Clothing, Footwear & Accessories",Toddler's Sleepwear: Nightgown,$7.07,$4.95
"Clothing, Footwear & Accessories",Toddler's Sleepwear: Other,$6.65,$4.66
"Clothing, Footwear & Accessories",Toddler's Sleepwear: Pajama Set,$6.97,$4.88
"Clothing, Footwear & Accessories",Toddler's Sweater: Cardigan,$8.19,$5.73
"Clothing, Footwear & Accessories",Toddler's Sweater: Pullover,$7.44,$5.21
"Clothing, Footwear & Accessories",Toddler's Sweater: Vest,$7.73,$5.41
"Clothing, Footwear & Accessories",Toddler's Swimsuit,$6.27,$4.39
"Clothing, Footwear & Accessories",Toddler's Undergarments: Socks,$3.45,$2.42
"Clothing, Footwear & Accessories",Toddler's Undergarments: Thermal Pants,$7.39,$5.17
"Clothing, Footwear & Accessories",Toddler's Undergarments: Thermal Shirt,$3.60,$2.52
"Clothing, Footwear & Accessories",Toddler's Undergarments: Underwear,$2.43,$1.70
"Clothing, Footwear & Accessories",Umbrella: Adult,$10.12,$7.08
"Clothing, Footwear & Accessories",Umbrella: Youth,$7.47,$5.23
"Clothing, Footwear & Accessories",Wallet: Boy's,$7.71,$5.40
"Clothing, Footwear & Accessories",Wallet: Men's,$14.75,$10.33
"Clothing, Footwear & Accessories",Western Hat: Adult,$16.11,$11.28
"Clothing, Footwear & Accessories",Western Hat: Youth,$10.87,$7.61
"Clothing, Footwear & Accessories",Winter Coat: Adult,$24.08,$16.86
"Clothing, Footwear & Accessories",Winter Coat: Youth,$17.76,$12.43
"Clothing, Footwear & Accessories",Winter Scarf: Adult,$9.03,$6.32
"Clothing, Footwear & Accessories",Winter Scarf: Youth,$5.22,$3.65
"Clothing, Footwear & Accessories",Women's All Occasion Dress: Jumper,$15.60,$10.92
"Clothing, Footwear & Accessories",Women's All Occasion Dress: Sundress,$15.09,$10.56
"Clothing, Footwear & Accessories",Women's Formal Dress: Bridesmaid,$31.20,$21.84
"Clothing, Footwear & Accessories",Women's Formal Dress: Evening,$32.77,$22.94
"Clothing, Footwear & Accessories",Women's Formal Dress: Prom,$36.53,$25.57
"Clothing, Footwear & Accessories",Women's Formal Dress: Wedding Gown,$79.40,$55.58
"Clothing, Footwear & Accessories",Women's Jogging Suit,$14.19,$9.93
"Clothing, Footwear & Accessories",Women's Medical Scrubs: Pants,$9.56,$6.69
"Clothing, Footwear & Accessories",Women's Medical Scrubs: Shirt,$8.64,$6.05
"Clothing, Footwear & Accessories",Women's Pants: Capris,$10.79,$7.55
"Clothing, Footwear & Accessories",Women's Pants: Cargo,$12.44,$8.71
"Clothing, Footwear & Accessories",Women's Pants: Carpenter,$13.18,$9.23
"Clothing, Footwear & Accessories",Women's Pants: Chinos/Khakis,$10.67,$7.47
"Clothing, Footwear & Accessories",Women's Pants: Corduroy,$11.51,$8.06
"Clothing, Footwear & Accessories",Women's Pants: Dress Slacks,$10.77,$7.54
"Clothing, Footwear & Accessories",Women's Pants: Jeans/Denim,$10.83,$7.58
"Clothing, Footwear & Accessories",Women's Pants: Leggings,$10.12,$7.08
"Clothing, Footwear & Accessories",Women's Pants: Nylon/Athletic,$12.31,$8.62
"Clothing, Footwear & Accessories",Women's Pants: Overalls/Coveralls,$18.29,$12.80
"Clothing, Footwear & Accessories",Women's Pants: Sweatpants/Fleece,$10.32,$7.22
"Clothing, Footwear & Accessories",Women's Shirt: Camisole,$7.85,$5.50
"Clothing, Footwear & Accessories",Women's Shirt: Dress Shirt,$10.77,$7.54
"Clothing, Footwear & Accessories",Women's Shirt: Flannel,$9.49,$6.64
"Clothing, Footwear & Accessories",Women's Shirt: Halter,$8.84,$6.19
"Clothing, Footwear & Accessories",Women's Shirt: Jersey,$8.79,$6.15
"Clothing, Footwear & Accessories",Women's Shirt: Mock Turtleneck,$8.91,$6.24
"Clothing, Footwear & Accessories",Women's Shirt: Polo,$8.84,$6.19
"Clothing, Footwear & Accessories",Women's Shirt: Rugby,$11.45,$8.02
"Clothing, Footwear & Accessories",Women's Shirt: Strapless,$8.43,$5.90
"Clothing, Footwear & Accessories",Women's Shirt: Sweatshirt/Fleece,$10.63,$7.44
"Clothing, Footwear & Accessories",Women's Shirt: T-Shirt,$8.43,$5.90
"Clothing, Footwear & Accessories",Women's Shirt: Tank,$8.36,$5.85
"Clothing, Footwear & Accessories",Women's Shirt: Turtleneck,$9.08,$6.36
"Clothing, Footwear & Accessories",Women's Shirt: Work/Uniform,$8.91,$6.24
"Clothing, Footwear & Accessories",Women's Shorts: Cargo,$10.79,$7.55
"Clothing, Footwear & Accessories",Women's Shorts: Carpenter,$9.89,$6.92
"Clothing, Footwear & Accessories",Women's Shorts: Chinos/Khakis,$8.54,$5.98
"Clothing, Footwear & Accessories",Women's Shorts: Jeans/Denim,$10.49,$7.34
"Clothing, Footwear & Accessories",Women's Shorts: Nylon/Athletic,$10.12,$7.08
"Clothing, Footwear & Accessories",Women's Skirt: Full-Length,$14.34,$10.04
"Clothing, Footwear & Accessories",Women's Skirt: Knee-Length,$11.38,$7.97
"Clothing, Footwear & Accessories",Women's Skirt: Mini,$10.75,$7.53
"Clothing, Footwear & Accessories",Women's Skirt: Skorts,$12.48,$8.74
"Clothing, Footwear & Accessories",Women's Sleepwear: Lounge Pants,$8.75,$6.13
"Clothing, Footwear & Accessories",Women's Sleepwear: Nightgown,$10.12,$7.08
"Clothing, Footwear & Accessories",Women's Sleepwear: Nightshirt,$8.54,$5.98
"Clothing, Footwear & Accessories",Women's Sleepwear: Pajama Set,$11.48,$8.04
"Clothing, Footwear & Accessories",Women's Sleepwear: Robe,$14.86,$10.40
"Clothing, Footwear & Accessories",Women's Suit: Blazer,$22.63,$15.84
"Clothing, Footwear & Accessories",Women's Suit: Pant Suit,$23.83,$16.68
"Clothing, Footwear & Accessories",Women's Suit: Skirt Suit,$25.03,$17.52
"Clothing, Footwear & Accessories",Women's Suit: Suit Jacket,$23.08,$16.16
"Clothing, Footwear & Accessories",Women's Sweater: Cardigan,$12.49,$8.74
"Clothing, Footwear & Accessories",Women's Sweater: Pullover,$12.14,$8.50
"Clothing, Footwear & Accessories",Women's Sweater: Vest,$11.85,$8.30
"Clothing, Footwear & Accessories",Women's Swimwear: Cover Up,$13.15,$9.21
"Clothing, Footwear & Accessories",Women's Swimwear: One-Piece,$12.10,$8.47
"Clothing, Footwear & Accessories",Women's Swimwear: Two-Piece,$11.48,$8.04
"Clothing, Footwear & Accessories",Women's Undergarments: Bra,$8.55,$5.99
"Clothing, Footwear & Accessories",Women's Undergarments: Girdle,$7.72,$5.40
"Clothing, Footwear & Accessories",Women's Undergarments: Slip: Full,$7.72,$5.40
"Clothing, Footwear & Accessories",Women's Undergarments: Slip: Half,$5.69,$3.98
"Clothing, Footwear & Accessories",Women's Undergarments: Socks,$2.75,$1.93
"Clothing, Footwear & Accessories",Women's Undergarments: Thermal Pants,$6.97,$4.88
"Clothing, Footwear & Accessories",Women's Undergarments: Thermal Shirt,$7.47,$5.23
"Clothing, Footwear & Accessories",Women's Undergarments: Underwear,$4.15,$2.91
"Clothing, Footwear & Accessories",Women's Wig,$18.69,$13.08
"Clothing, Footwear & Accessories",Wristwatch: Adult,$30.01,$21.01
"Clothing, Footwear & Accessories",Wristwatch: Youth,$11.82,$8.27
Computers & Office,All-in-One,$19.18,$13.43
Computers & Office,Bulletin Board,$14.49,$10.14
Computers & Office,Calculator: Financial,$9.94,$6.96
Computers & Office,Calculator: Printing,$10.79,$7.55
Computers & Office,Calculator: Scientific,$10.65,$7.46
Computers & Office,Chalkboard,$17.06,$11.94
Computers & Office,Computer Keyboard: Corded: PS2,$9.60,$6.72
Computers & Office,Computer Keyboard: Corded: USB,$13.03,$9.12
Computers & Office,Computer Keyboard: Cordless,$12.63,$8.84
Computers & Office,Computer Microphone,$79.74,$55.82
Computers & Office,Computer Monitor: CRT: 15 inch,$48.34,$33.84
Computers & Office,Computer Monitor: CRT: 17 inch,$44.71,$31.30
Computers & Office,Computer Monitor: CRT: 19 inch,$55.74,$39.02
Computers & Office,Computer Monitor: CRT: 21 inch,$37.38,$26.17
Computers & Office,Computer Monitor: LCD: 15 inch,$31.56,$22.09
Computers & Office,Computer Monitor: LCD: 17 inch,$34.12,$23.88
Computers & Office,Computer Monitor: LCD: 19 inch,$37.73,$26.41
Computers & Office,Computer Monitor: LCD: 21 inch,$41.71,$29.20
Computers & Office,Computer Speakers (Pair),$36.02,$25.21
Computers & Office,Electric Typewriter,$53.51,$37.46
Computers & Office,Fax Machine,$25.71,$18.00
Computers & Office,File Box,$7.72,$5.40
Computers & Office,Flatbed Scanner,$44.07,$30.85
Computers & Office,Hole Punch: One Hole,$3.87,$2.71
Computers & Office,Hole Punch: Three Hole,$6.61,$4.63
Computers & Office,Hub: 12 Port,$13.44,$9.41
Computers & Office,Hub: 16 Port,$19.64,$13.75
Computers & Office,Hub: 24 Port,$28.11,$19.68
Computers & Office,Hub: 4 Port,$7.72,$5.40
Computers & Office,Hub: 5 Port,$10.87,$7.61
Computers & Office,Hub: 6 Port,$9.91,$6.94
Computers & Office,Hub: 8 Port,$17.23,$12.06
Computers & Office,Laptop Battery: Li-Ion: Compaq,$15.94,$11.16
Computers & Office,Laptop Battery: Li-Ion: Dell,$22.01,$15.41
Computers & Office,Laptop Battery: Li-Ion: Hewlett-Packard,$16.91,$11.84
Computers & Office,Laptop Battery: Li-Ion: IBM,$18.60,$13.02
Computers & Office,Laptop Battery: Li-Ion: Other,$16.32,$11.42
Computers & Office,Laptop Battery: Li-Ion: Sony,$19.16,$13.41
Computers & Office,Laptop Battery: Li-Ion: Toshiba,$18.07,$12.65
Computers & Office,Laptop Battery: NiMH,$25.55,$17.89
Computers & Office,Laptop Battery: Other,$18.52,$12.96
Computers & Office,Laptop Case,$11.81,$8.27
Computers & Office,Letter/Mail Holder,$10.20,$7.14
Computers & Office,Modem: Cable,$21.60,$15.12
Computers & Office,Modem: External: 33K,$10.12,$7.08
Computers & Office,Modem: External: 56K,$12.69,$8.88
Computers & Office,Modem: Internal: 33K,$7.72,$5.40
Computers & Office,Modem: Internal: 56K,$8.41,$5.89
Computers & Office,"Modem: Laptop, PCMCIA: 56K",$6.93,$4.85
Computers & Office,Mouse,$9.50,$6.65
Computers & Office,Mouse Pad,$6.34,$4.44
Computers & Office,Organizer/Day Planner,$11.02,$7.71
Computers & Office,Overhead Projector,$42.01,$29.41
Computers & Office,Paper Shredder: Cross Cut,$24.79,$17.35
Computers & Office,Paper Shredder: Strip Cut,$18.66,$13.06
Computers & Office,PDA,$19.46,$13.62
Computers & Office,Pencil Case,$4.18,$2.93
Computers & Office,Pencil Sharpener: Electric,$11.10,$7.77
Computers & Office,Pencil Sharpener: Manual (Mounted),$6.96,$4.87
Computers & Office,Printer Cable,$5.21,$3.65
Computers & Office,Printer: Dot  Matrix,$71.17,$49.82
Computers & Office,Printer: Ink Jet,$50.63,$35.44
Computers & Office,Printer: Laser,$58.30,$40.81
Computers & Office,Surge Protector,$16.63,$11.64
Computers & Office,Voice Recorder: Digital,$17.78,$12.45
Computers & Office,Voice Recorder: Micro Cassette,$14.31,$10.02
Computers & Office,Word Processor,$33.59,$23.51
"Furniture, Lighting & Home Decor",Area Rug,$16.29,$11.40
"Furniture, Lighting & Home Decor",Armoire,$150.92,$105.64
"Furniture, Lighting & Home Decor",Artificial Christmas Tree,$26.63,$18.64
"Furniture, Lighting & Home Decor",Ash Tray,$6.76,$4.73
"Furniture, Lighting & Home Decor",Bakers Rack,$47.44,$33.21
"Furniture, Lighting & Home Decor",Bar Stool,$31.18,$21.83
"Furniture, Lighting & Home Decor",Barometer,$23.66,$16.56
"Furniture, Lighting & Home Decor",Bath Mat,$8.94,$6.26
"Furniture, Lighting & Home Decor",Bath Rug,$10.90,$7.63
"Furniture, Lighting & Home Decor",Bath Towel,$5.32,$3.72
"Furniture, Lighting & Home Decor",Bathroom Tumbler,$4.97,$3.48
"Furniture, Lighting & Home Decor",Bean Bag Chair: Adult,$29.02,$20.31
"Furniture, Lighting & Home Decor",Bean Bag Chair: Youth,$19.72,$13.80
"Furniture, Lighting & Home Decor",Bed Frame,$51.11,$35.78
"Furniture, Lighting & Home Decor",Bookshelf,$29.15,$20.41
"Furniture, Lighting & Home Decor",Box Spring,$52.53,$36.77
"Furniture, Lighting & Home Decor",Breakfast Tray,$15.21,$10.65
"Furniture, Lighting & Home Decor",Candle Holder: Pillar,$9.09,$6.36
"Furniture, Lighting & Home Decor",Candle Holder: Taper,$7.79,$5.45
"Furniture, Lighting & Home Decor",Candle Holder: Tea Light,$6.81,$4.77
"Furniture, Lighting & Home Decor",Candle Holder: Votive,$6.00,$4.20
"Furniture, Lighting & Home Decor",Candy Dish,$9.43,$6.60
"Furniture, Lighting & Home Decor",Card Table,$20.08,$14.06
"Furniture, Lighting & Home Decor",Chair: Rocking/Reclining,$59.02,$41.31
"Furniture, Lighting & Home Decor",Chair: Stationary,$32.75,$22.93
"Furniture, Lighting & Home Decor",Chest of Drawers,$75.46,$52.82
"Furniture, Lighting & Home Decor",China Hutch,$138.92,$97.24
"Furniture, Lighting & Home Decor",Christmas: Electric Window Candle,$9.06,$6.34
"Furniture, Lighting & Home Decor",Christmas: Stocking,$8.22,$5.75
"Furniture, Lighting & Home Decor",Christmas: Tree Ornament,$4.46,$3.12
"Furniture, Lighting & Home Decor",Christmas: Tree Ornaments (Boxed Set),$9.67,$6.77
"Furniture, Lighting & Home Decor",Christmas: Tree Stand,$19.03,$13.32
"Furniture, Lighting & Home Decor",Christmas: Tree Topper,$9.72,$6.80
"Furniture, Lighting & Home Decor",Christmas: Wreath,$11.34,$7.94
"Furniture, Lighting & Home Decor",Coasters (Set),$7.88,$5.52
"Furniture, Lighting & Home Decor",Coffee Table,$58.38,$40.87
"Furniture, Lighting & Home Decor",Computer Desk,$54.91,$38.44
"Furniture, Lighting & Home Decor",Curio Cabinet,$119.69,$83.78
"Furniture, Lighting & Home Decor",Desk Chair,$40.64,$28.45
"Furniture, Lighting & Home Decor",Desktop Charging Station,$16.11,$11.28
"Furniture, Lighting & Home Decor",Desktop Valet,$14.23,$9.96
"Furniture, Lighting & Home Decor",Dining Chair,$23.87,$16.71
"Furniture, Lighting & Home Decor",Dining Table,$148.52,$103.96
"Furniture, Lighting & Home Decor",Door Draft Stop,$8.48,$5.94
"Furniture, Lighting & Home Decor",Dresser w/Mirror,$94.67,$66.27
"Furniture, Lighting & Home Decor",Dresser w/o Mirror,$88.57,$62.00
"Furniture, Lighting & Home Decor",Electric Jack O Lantern,$10.45,$7.32
"Furniture, Lighting & Home Decor",End Table,$33.96,$23.77
"Furniture, Lighting & Home Decor",Entertainment Center,$101.07,$70.75
"Furniture, Lighting & Home Decor",Fabric Wall Hanging,$17.12,$11.98
"Furniture, Lighting & Home Decor",Faux Flower Arrangement,$11.82,$8.27
"Furniture, Lighting & Home Decor",Faux Plant,$10.15,$7.11
"Furniture, Lighting & Home Decor",Filing Cabinet,$46.31,$32.42
"Furniture, Lighting & Home Decor",Fireplace Screen,$36.35,$25.45
"Furniture, Lighting & Home Decor",Fireplace Tool Set,$29.83,$20.88
"Furniture, Lighting & Home Decor",Firewood Carrier,$17.49,$12.24
"Furniture, Lighting & Home Decor",Firewood Holder or Stand,$20.07,$14.05
"Furniture, Lighting & Home Decor",Framed Art Print,$21.29,$14.90
"Furniture, Lighting & Home Decor",Futon,$80.60,$56.42
"Furniture, Lighting & Home Decor",Game Table,$29.70,$20.79
"Furniture, Lighting & Home Decor",Glass/Ceramic Vase,$16.96,$11.87
"Furniture, Lighting & Home Decor",Hand Towel,$3.94,$2.76
"Furniture, Lighting & Home Decor",Hat Rack,$15.60,$10.92
"Furniture, Lighting & Home Decor",Headboard,$82.32,$57.62
"Furniture, Lighting & Home Decor",Jewelry Armoire,$49.05,$34.34
"Furniture, Lighting & Home Decor",Jewelry Box,$16.43,$11.50
"Furniture, Lighting & Home Decor",Kitchen Chair,$27.44,$19.21
"Furniture, Lighting & Home Decor",Kitchen Table,$46.72,$32.70
"Furniture, Lighting & Home Decor",Lamp Shade,$13.72,$9.60
"Furniture, Lighting & Home Decor",Lamp: Desk,$20.92,$14.64
"Furniture, Lighting & Home Decor",Lamp: Floor,$24.35,$17.05
"Furniture, Lighting & Home Decor",Lamp: Table,$24.35,$17.05
"Furniture, Lighting & Home Decor",Light Fixture: Chandelier,$50.07,$35.05
"Furniture, Lighting & Home Decor",Light Fixture: Fluorescent,$18.68,$13.08
"Furniture, Lighting & Home Decor",Light Fixture: House or Porch Mounted,$23.15,$16.21
"Furniture, Lighting & Home Decor",Light Fixture: Pendant,$24.69,$17.28
"Furniture, Lighting & Home Decor",Light Fixture: Post Mounted,$48.00,$33.60
"Furniture, Lighting & Home Decor",Love Seat,$115.94,$81.16
"Furniture, Lighting & Home Decor",Mantel/Shelf Clock,$22.45,$15.72
"Furniture, Lighting & Home Decor",Mattress,$53.51,$37.46
"Furniture, Lighting & Home Decor",Metal Folding Chair,$15.95,$11.17
"Furniture, Lighting & Home Decor",Microwave Cart,$46.32,$32.42
"Furniture, Lighting & Home Decor",Mobile Kitchen Island,$80.26,$56.18
"Furniture, Lighting & Home Decor",Night Light,$5.82,$4.07
"Furniture, Lighting & Home Decor",Nightstand,$55.57,$38.90
"Furniture, Lighting & Home Decor",Office Chair,$50.99,$35.69
"Furniture, Lighting & Home Decor",Oil Lamp,$19.48,$13.64
"Furniture, Lighting & Home Decor",Ottoman,$49.60,$34.72
"Furniture, Lighting & Home Decor",Pantry Cupboard,$87.47,$61.23
"Furniture, Lighting & Home Decor",Photo Album,$6.79,$4.75
"Furniture, Lighting & Home Decor",Photo Box,$4.77,$3.34
"Furniture, Lighting & Home Decor",Picture Frame,$7.88,$5.52
"Furniture, Lighting & Home Decor",Plant Stand,$20.39,$14.27
"Furniture, Lighting & Home Decor",Plastic Pumpkin Candy Bucket,$3.63,$2.54
"Furniture, Lighting & Home Decor",Printer Cart,$19.20,$13.44
"Furniture, Lighting & Home Decor",Roll Top Desk,$168.07,$117.65
"Furniture, Lighting & Home Decor",Secretary Desk,$115.94,$81.16
"Furniture, Lighting & Home Decor",Shower Curtain,$10.60,$7.42
"Furniture, Lighting & Home Decor",Shower Curtain Hooks,$5.28,$3.70
"Furniture, Lighting & Home Decor",Shower Curtain Rod,$8.39,$5.87
"Furniture, Lighting & Home Decor",Sideboard Buffet,$75.46,$52.82
"Furniture, Lighting & Home Decor",Slip Cover: Chair,$21.88,$15.32
"Furniture, Lighting & Home Decor",Slip Cover: Couch,$38.39,$26.87
"Furniture, Lighting & Home Decor",Slip Cover: Futon,$21.29,$14.90
"Furniture, Lighting & Home Decor",Slip Cover: Loveseat,$36.61,$25.63
"Furniture, Lighting & Home Decor",Soap Dish,$6.00,$4.20
"Furniture, Lighting & Home Decor",Soap Pump,$7.86,$5.50
"Furniture, Lighting & Home Decor",Sofa,$126.43,$88.50
"Furniture, Lighting & Home Decor",Statue/Figurine,$23.15,$16.21
"Furniture, Lighting & Home Decor",Tissue Box Cover,$7.51,$5.26
"Furniture, Lighting & Home Decor",Toothbrush Holder,$6.64,$4.65
"Furniture, Lighting & Home Decor",Trundle/Day Bed,$136.52,$95.56
"Furniture, Lighting & Home Decor",TV Stand,$45.21,$31.65
"Furniture, Lighting & Home Decor",TV Tray (Individual),$16.51,$11.56
"Furniture, Lighting & Home Decor",TV Trays (Set),$24.22,$16.95
"Furniture, Lighting & Home Decor",Vanity,$54.88,$38.42
"Furniture, Lighting & Home Decor",Wall Clock,$16.57,$11.60
"Furniture, Lighting & Home Decor",Wall Mirror,$25.91,$18.14
"Furniture, Lighting & Home Decor",Wash Cloth,$2.83,$1.98
"Furniture, Lighting & Home Decor",Welcome Mat,$13.63,$9.54
"Furniture, Lighting & Home Decor",Wicker/Wooden Basket,$10.48,$7.34
"Furniture, Lighting & Home Decor",Window Coverings: Blinds,$16.65,$11.66
"Furniture, Lighting & Home Decor",Window Coverings: Curtain Rod,$7.99,$5.59
"Furniture, Lighting & Home Decor",Window Coverings: Curtain Tie Backs (Set),$9.43,$6.60
"Furniture, Lighting & Home Decor",Window Coverings: Curtains,$19.53,$13.67
"Furniture, Lighting & Home Decor",Window Coverings: Valance,$11.79,$8.25
"Furniture, Lighting & Home Decor",Wine Rack,$19.00,$13.30
"Furniture, Lighting & Home Decor",Wooden Wall Shelf,$17.13,$11.99
Health & Beauty,Back Massager,$21.60,$15.12
Health & Beauty,Bath Spa,$20.95,$14.67
Health & Beauty,Bathroom Scale,$15.04,$10.53
Health & Beauty,Cane,$13.01,$9.11
Health & Beauty,Crutches (Pair),$30.02,$21.01
Health & Beauty,Curling Iron: Standard,$17.76,$12.43
Health & Beauty,Curling Iron: Travel,$10.79,$7.55
Health & Beauty,Electric Curlers,$13.03,$9.12
Health & Beauty,Electric Heating Pad,$9.60,$6.72
Health & Beauty,Electric Make-up Mirror,$18.51,$12.96
Health & Beauty,Electric Razor,$20.41,$14.29
Health & Beauty,Electric Toothbrush,$12.51,$8.76
Health & Beauty,Epilator,$20.92,$14.64
Health & Beauty,Foot Bath,$20.41,$14.29
Health & Beauty,Foot Massager,$20.06,$14.04
Health & Beauty,Hair Braider,$10.65,$7.46
Health & Beauty,Hair Clippers,$12.35,$8.65
Health & Beauty,Hair Dryer: Standard,$11.87,$8.31
Health & Beauty,Hair Dryer: Travel,$10.79,$7.55
Health & Beauty,Hand Mirror,$9.51,$6.66
Health & Beauty,Humidifiers/Vaporizer: 1-3 Gallon,$16.77,$11.74
Health & Beauty,Humidifiers/Vaporizer: 10-15 Gallon,$21.08,$14.76
Health & Beauty,Humidifiers/Vaporizer: 4-6 Gallon,$19.35,$13.55
Health & Beauty,Humidifiers/Vaporizer: 7-9 Gallon,$22.46,$15.72
Health & Beauty,Manual Wheel Chair,$129.19,$90.43
Health & Beauty,Nail Care Kit,$9.69,$6.78
Health & Beauty,Neck Support Cushion,$7.65,$5.36
Health & Beauty,Reading Glasses,$8.71,$6.10
Health & Beauty,Seat: Shower,$19.97,$13.98
Health & Beauty,Seat: Toilet,$16.54,$11.58
Health & Beauty,Shower Caddy,$10.08,$7.06
Health & Beauty,Straightening Iron,$12.32,$8.62
Health & Beauty,Walker,$31.97,$22.38
Health & Beauty,Water Pik,$17.48,$12.24
Home Audio & Video,Alarm Clock Radio: AM/FM,$12.68,$8.88
Home Audio & Video,Alarm Clock Radio: AM/FM w/Telephone,$12.68,$8.88
Home Audio & Video,Alarm Clock Radio: Cassette Player,$12.68,$8.88
Home Audio & Video,Alarm Clock Radio: CD Player,$15.60,$10.92
Home Audio & Video,Camcorder Battery,$11.55,$8.09
Home Audio & Video,Camcorder Charger,$10.78,$7.55
Home Audio & Video,Camcorder: Analog: 8mm,$49.21,$34.45
Home Audio & Video,Camcorder: Analog: Hi8,$62.65,$43.86
Home Audio & Video,Camcorder: Analog: Super-VHS,$46.06,$32.24
Home Audio & Video,Camcorder: Analog: Super-VHS-C,$44.99,$31.49
Home Audio & Video,Camcorder: Analog: VHS,$32.59,$22.81
Home Audio & Video,Camcorder: Analog: VHS-C,$29.15,$20.41
Home Audio & Video,Camcorder: Digital: Digital 8,$62.08,$43.46
Home Audio & Video,Camcorder: Digital: DV,$54.88,$38.42
Home Audio & Video,Camcorder: Digital: DVD,$46.31,$32.42
Home Audio & Video,Camcorder: Digital: MiniDV,$46.31,$32.42
Home Audio & Video,Cassette Player: Dual,$26.40,$18.48
Home Audio & Video,Cassette Player: Single,$25.19,$17.63
Home Audio & Video,CD Player: Multi Disc,$29.83,$20.88
Home Audio & Video,CD Player: Recorder: Multi Disc,$35.89,$25.12
Home Audio & Video,CD Player: Recorder: Single Disk,$29.84,$20.89
Home Audio & Video,CD Player: Single Disc,$20.57,$14.40
Home Audio & Video,DVD Player,$22.29,$15.60
Home Audio & Video,DVD/VCR Combo,$32.24,$22.57
Home Audio & Video,Ear Buds,$16.52,$11.56
Home Audio & Video,Equalizer,$48.83,$34.18
Home Audio & Video,Headphones,$22.44,$15.71
Home Audio & Video,Karaoke Machine,$46.31,$32.42
Home Audio & Video,Laserdisc Player,$76.02,$53.21
Home Audio & Video,Microphone,$35.77,$25.04
Home Audio & Video,Movie Projector: 16mm,$51.94,$36.36
Home Audio & Video,Movie Projector: 8mm,$38.22,$26.75
Home Audio & Video,Movie Projector: Super 8,$51.94,$36.36
Home Audio & Video,Movie Screen: 30x40,$47.65,$33.36
Home Audio & Video,Movie Screen: 40x40,$49.37,$34.56
Home Audio & Video,Movie Screen: 48x48,$42.51,$29.76
Home Audio & Video,Movie Screen: 50x50,$49.37,$34.56
Home Audio & Video,Movie Screen: 60x60,$47.65,$33.36
Home Audio & Video,Movie Screen: 70x70,$49.37,$34.56
Home Audio & Video,Receiver,$48.73,$34.11
Home Audio & Video,Reel To Reel Player/Recorder,$83.52,$58.46
Home Audio & Video,Satellite Receiver,$23.83,$16.68
Home Audio & Video,Slide Projector,$33.96,$23.77
Home Audio & Video,Speaker Stand,$27.78,$19.45
Home Audio & Video,Speaker: Bluetooth,$21.43,$15.00
Home Audio & Video,Speaker: Center Channel,$61.84,$43.29
Home Audio & Video,Speakers: Bookshelf (Pair),$41.89,$29.32
Home Audio & Video,Speakers: Floor Standing (Pair),$55.67,$38.97
Home Audio & Video,Speakers: Surround (Set),$45.10,$31.57
Home Audio & Video,Stereo Shelf System,$58.31,$40.82
Home Audio & Video,Television: CRT: 10-16 inch,$38.25,$26.78
Home Audio & Video,Television: CRT: 17-20 inch,$45.44,$31.81
Home Audio & Video,Television: CRT: 21-25 inch,$55.90,$39.13
Home Audio & Video,Television: CRT: 26-30 inch,$55.23,$38.66
Home Audio & Video,Television: CRT: 31-32 inch,$55.91,$39.14
Home Audio & Video,Television: CRT: 33-36 inch,$58.99,$41.29
Home Audio & Video,Television: LCD: 10-19 inch,$59.34,$41.54
Home Audio & Video,Television: LCD: 20-29 inch,$64.14,$44.90
Home Audio & Video,Television: LCD: 30-39 inch,$92.61,$64.83
Home Audio & Video,Television: LCD: 40-49 inch,$138.92,$97.24
Home Audio & Video,Television: LCD: 50 inch or larger,$177.68,$124.38
Home Audio & Video,Television: LCD: Pocket/Hand Held,$49.89,$34.92
Home Audio & Video,Television: Plasma: 30-39 inch,$65.02,$45.51
Home Audio & Video,Television: Plasma: 40-49 inch,$85.60,$59.92
Home Audio & Video,Television: Plasma: 50 inch or larger,$121.03,$84.72
Home Audio & Video,Television: Rear Projection: CRT: 50 inch or larger,$79.47,$55.63
Home Audio & Video,Television: Rear Projection: DLP: 40-49 inch,$88.83,$62.18
Home Audio & Video,Television: Rear Projection: DLP: 50 inch or larger,$122.79,$85.95
Home Audio & Video,Television: Rear Projection: LCD: 40-49 inch,$120.73,$84.51
Home Audio & Video,Television: Rear Projection: LCD: 50 inch or larger,$129.30,$90.51
Home Audio & Video,Tuner,$17.49,$12.24
Home Audio & Video,Turntable: Belt Drive,$59.98,$41.99
Home Audio & Video,Turntable: Direct Drive,$51.11,$35.78
Home Audio & Video,TV/VCR Combo: 10-13 inch,$33.27,$23.29
Home Audio & Video,TV/VCR Combo: 14-21inch,$36.02,$25.21
Home Audio & Video,TV/VCR Combo: 22-27 inch,$38.07,$26.65
Home Audio & Video,TV/VCR Combo: 5-9 inch,$30.18,$21.13
Home Audio & Video,TV/VCR/DVD Combo: 19-21 inch,$28.12,$19.68
Home Audio & Video,TV/VCR/DVD Combo: 22-27 inch,$28.46,$19.92
Home Audio & Video,Universal Remote Control,$8.25,$5.78
Home Audio & Video,VCR: Beta,$57.45,$40.22
Home Audio & Video,VCR: VHS,$27.43,$19.20
Home Audio & Video,Video Tape Rewinder,$9.25,$6.48
Housekeeping,Air Purifier,$50.08,$35.06
Housekeeping,Carpet Cleaner: Shampooer,$46.18,$32.33
Housekeeping,Carpet Cleaner: Steamer,$28.16,$19.71
Housekeeping,Dehumidifier: 20-39 Pint,$28.12,$19.68
Housekeeping,Dehumidifier: 40-59 Pint,$37.38,$26.17
Housekeeping,Dehumidifier: 60+ Pint,$44.48,$31.14
Housekeeping,Fan: Box,$10.63,$7.44
Housekeeping,Fan: Ceiling,$24.53,$17.17
Housekeeping,Fan: Oscillating,$19.20,$13.44
Housekeeping,Fan: Personal/Desk,$16.15,$11.31
Housekeeping,Fan: Window,$17.66,$12.36
Housekeeping,Garment Steamer: Standard,$17.75,$12.43
Housekeeping,Garment Steamer: Travel,$16.03,$11.22
Housekeeping,Hamper,$17.66,$12.36
Housekeeping,Ironing Board,$17.43,$12.20
Housekeeping,Laundry Basket,$14.91,$10.44
Housekeeping,Plastic Hangers (10-20),$6.37,$4.46
Housekeeping,Plastic Storage Bin,$10.28,$7.20
Housekeeping,Plastic Storage Drawers,$13.70,$9.59
Housekeeping,Space Heater: Electric,$23.14,$16.20
Housekeeping,Space Heater: Gas,$26.47,$18.53
Housekeeping,Steam Iron,$14.60,$10.22
Housekeeping,Step Stool,$17.44,$12.21
Housekeeping,Travel Iron,$10.54,$7.38
Housekeeping,Underbed Storage,$13.71,$9.60
Housekeeping,Vacuum Cleaner: Canister,$37.35,$26.15
Housekeeping,Vacuum Cleaner: Handheld,$24.74,$17.32
Housekeeping,Vacuum Cleaner: Stickbroom,$22.43,$15.70
Housekeeping,Vacuum Cleaner: Upright,$58.30,$40.81
Housekeeping,Waste Basket,$10.24,$7.17
Housekeeping,Water Filter: Countertop,$16.17,$11.32
Housekeeping,Water Filter: Faucet Mount,$17.19,$12.03
Housekeeping,Water Filter: Pitcher,$16.34,$11.44
Housekeeping,Water Filter: Under Counter/Sink,$12.13,$8.49
Kitchen,Angel Food Cake Pan,$11.90,$8.33
Kitchen,Banana Hanger,$5.82,$4.07
Kitchen,Bean Pot,$13.83,$9.68
Kitchen,Blender,$22.31,$15.62
Kitchen,Bottle Opener,$6.84,$4.79
Kitchen,Bowl,$3.77,$2.64
Kitchen,Bread Box,$15.48,$10.84
Kitchen,Bread Machine,$23.51,$16.46
Kitchen,Bread Tube,$5.69,$3.98
Kitchen,Bundt Cake Pan,$8.94,$6.26
Kitchen,"Bundt Cake Pan, Mini",$9.88,$6.92
Kitchen,Burner Cover,$6.17,$4.32
Kitchen,Butter Dish,$7.72,$5.40
Kitchen,Butter Knife,$2.34,$1.64
Kitchen,Cake Plate,$9.43,$6.60
Kitchen,Can Crusher,$8.76,$6.13
Kitchen,Can Opener (Manual),$6.51,$4.56
Kitchen,Canister: Glass/Ceramic,$11.82,$8.27
Kitchen,Canister: Metal,$12.31,$8.62
Kitchen,Canisters (Set),$15.57,$10.90
Kitchen,Canning Jar: Large,$6.58,$4.61
Kitchen,Canning Jar: Small,$5.28,$3.70
Kitchen,Casserole Dish,$13.03,$9.12
Kitchen,Character Cake Pan,$8.57,$6.00
Kitchen,Cheese Grater,$5.96,$4.17
Kitchen,Cheese Spreaders (Set),$7.09,$4.96
Kitchen,China (Set),$26.75,$18.73
Kitchen,Clay Baker Oven,$16.56,$11.59
Kitchen,Coffee Cup,$4.29,$3.00
Kitchen,Coffee Grinder,$13.44,$9.41
Kitchen,Coffee Mug Tree,$9.63,$6.74
Kitchen,Colander,$7.41,$5.19
Kitchen,Cookbook Stand,$10.45,$7.32
Kitchen,Cookie Cutter,$4.11,$2.88
Kitchen,Cookie Jar,$15.57,$10.90
Kitchen,Cookie Sheet,$10.97,$7.68
Kitchen,Cookie Tin,$9.23,$6.46
Kitchen,Cooking Timer (Manual),$6.70,$4.69
Kitchen,Corkscrew,$8.99,$6.29
Kitchen,Cutting Board,$10.80,$7.56
Kitchen,Deep Fryer,$19.48,$13.64
Kitchen,Dessert Plate,$4.46,$3.12
Kitchen,Dinner Plate,$5.15,$3.61
Kitchen,Dish Drainer,$12.85,$9.00
Kitchen,Double Boiler,$17.14,$12.00
Kitchen,Drip Coffee Maker,$20.23,$14.16
Kitchen,Dutch Oven,$25.63,$17.94
Kitchen,Electric Can Opener,$14.17,$9.92
Kitchen,Electric Hand Mixer,$12.54,$8.78
Kitchen,Electric Ice Cream Maker,$22.98,$16.09
Kitchen,Electric Knife,$13.19,$9.23
Kitchen,Electric Popcorn Popper,$21.25,$14.88
Kitchen,Electric Skillet,$16.91,$11.84
Kitchen,Electric Slicer,$24.00,$16.80
Kitchen,Electric Stand Mixer,$30.17,$21.12
Kitchen,Electric Wok,$17.31,$12.12
Kitchen,Espresso/Cappuccino Machine,$39.43,$27.60
Kitchen,Fondue Set,$17.65,$12.36
Kitchen,Food Dehydrator,$26.75,$18.73
Kitchen,Food Processor,$21.72,$15.20
Kitchen,Food Scale,$10.62,$7.43
Kitchen,Fork,$4.04,$2.83
Kitchen,French Bread Pan,$10.51,$7.36
Kitchen,French Press,$11.83,$8.28
Kitchen,Fry Pan,$15.42,$10.79
Kitchen,Funnel,$3.78,$2.65
Kitchen,Glass Measuring Cup,$3.29,$2.30
Kitchen,Glass Tumbler,$4.46,$3.12
Kitchen,Griddle,$19.04,$13.33
Kitchen,Hot Pad,$5.15,$3.61
Kitchen,Hot Plate,$14.88,$10.42
Kitchen,Ice Bucket,$11.10,$7.77
Kitchen,Ice Cream Scoop,$5.74,$4.02
Kitchen,Ice Cube Tray,$4.59,$3.21
Kitchen,Iced Tea Maker,$15.91,$11.14
Kitchen,Indoor Grill,$21.84,$15.29
Kitchen,Indoor Rotisserie,$28.05,$19.64
Kitchen,Jello Mold,$5.11,$3.58
Kitchen,Juicer,$20.44,$14.31
Kitchen,Kitchen Scissors,$2.34,$1.64
Kitchen,Knife Set,$21.36,$14.95
Kitchen,Knife Sharpener: Electric,$20.08,$14.06
Kitchen,Knife Sharpener: Manual,$9.21,$6.45
Kitchen,Ladle,$6.57,$4.60
Kitchen,Lazy Susan,$14.49,$10.14
Kitchen,Loaf Pan,$6.25,$4.38
Kitchen,"Loaf Pan, Mini",$7.47,$5.23
Kitchen,Lunch Box,$7.69,$5.38
Kitchen,Measuring Cups (Set),$6.84,$4.79
Kitchen,Measuring Spoons (Set),$5.20,$3.64
Kitchen,Meat Thermometer,$10.12,$7.08
Kitchen,Mellon Baller,$7.20,$5.04
Kitchen,Microwave Bacon Tray,$8.05,$5.64
Kitchen,Microwave Egg Cooker,$7.45,$5.22
Kitchen,Microwave Oven: Countertop,$48.21,$33.75
Kitchen,Microwave Oven: Over-the-Range,$90.47,$63.33
Kitchen,Muffin Pan,$8.84,$6.19
Kitchen,Napkin Holder,$6.69,$4.68
Kitchen,Oven Burner Covers (Set),$7.23,$5.06
Kitchen,Paper Towel Holder,$8.86,$6.20
Kitchen,Pasta Maker,$21.05,$14.74
Kitchen,Percolator/Urn,$24.18,$16.93
Kitchen,Picnic Basket,$9.44,$6.61
Kitchen,Pie Plate,$6.58,$4.61
Kitchen,Pitcher,$11.59,$8.11
Kitchen,Pizza Cutter,$6.68,$4.68
Kitchen,Pizza Pan,$9.30,$6.51
Kitchen,Plastic Storage Container,$8.22,$5.75
Kitchen,Pop Can Rack,$3.78,$2.65
Kitchen,Quiche Pan,$7.95,$5.57
Kitchen,Recipe Box,$9.38,$6.57
Kitchen,Roast Pan,$15.67,$10.97
Kitchen,Rolling Pin,$8.22,$5.75
Kitchen,Round Cake Pan,$7.13,$4.99
Kitchen,Salad Shooter,$10.63,$7.44
Kitchen,Salt & Pepper Shakers (Set),$8.58,$6.01
Kitchen,Sandwich Maker,$12.79,$8.95
Kitchen,Sauce Pan,$11.35,$7.95
Kitchen,Saucer,$5.15,$3.61
Kitchen,Saute Pan,$16.42,$11.49
Kitchen,Serving Dish,$12.18,$8.53
Kitchen,Serving Tray,$14.93,$10.45
Kitchen,Slow Cooker/Crock Pot,$15.56,$10.89
Kitchen,Souffle Dish,$9.54,$6.68
Kitchen,Soup Spoon,$2.16,$1.51
Kitchen,Spatula,$6.03,$4.22
Kitchen,Spice Rack,$10.45,$7.32
Kitchen,Spoon,$6.00,$4.20
Kitchen,Spoon Rest,$5.18,$3.63
Kitchen,Spring Form Pan,$7.24,$5.07
Kitchen,Square Cake Pan,$8.93,$6.25
Kitchen,Steak Knife,$9.33,$6.53
Kitchen,Steamer,$15.10,$10.57
Kitchen,Stock Pot,$15.21,$10.65
Kitchen,Strainer,$7.40,$5.18
Kitchen,Tart Pan,$8.21,$5.75
Kitchen,Tea Kettle,$13.03,$9.12
Kitchen,Tea Pot,$13.03,$9.12
Kitchen,Tea Spoon,$2.16,$1.51
Kitchen,Thermos,$9.59,$6.71
Kitchen,Toaster,$16.07,$11.25
Kitchen,Toaster Oven,$23.83,$16.68
Kitchen,Tongs,$5.46,$3.82
Kitchen,Trivet,$6.93,$4.85
Kitchen,Utensil Jar,$10.12,$7.08
Kitchen,Waffle Maker,$13.44,$9.41
Kitchen,Water/Sports Bottle,$5.92,$4.14
Kitchen,Whisk,$6.34,$4.44
Kitchen,Wine Decanter,$14.91,$10.44
Kitchen,Wok,$21.36,$14.95
Lawn & Patio,Axe,$15.17,$10.62
Lawn & Patio,Beach Umbrella,$21.50,$15.05
Lawn & Patio,Bird Bath,$23.97,$16.78
Lawn & Patio,Bird Feeder,$11.82,$8.27
Lawn & Patio,Bug Zapper,$18.77,$13.14
Lawn & Patio,Chainsaw: Electric,$34.30,$24.01
Lawn & Patio,Chainsaw: Gas,$27.43,$19.20
Lawn & Patio,Decorative Flag,$7.40,$5.18
Lawn & Patio,Edger: Electric,$39.82,$27.87
Lawn & Patio,Edger: Gas,$39.82,$27.87
Lawn & Patio,Flower Pot,$9.32,$6.52
Lawn & Patio,Garden Hoe,$9.55,$6.69
Lawn & Patio,Garden Hose,$13.06,$9.14
Lawn & Patio,Garden Statue,$23.15,$16.21
Lawn & Patio,Grill Tool: Basting Brush,$10.55,$7.39
Lawn & Patio,Grill Tool: Fork,$8.50,$5.95
Lawn & Patio,Grill Tool: Fork Thermometer,$7.19,$5.03
Lawn & Patio,Grill Tool: Grill Brush,$9.42,$6.59
Lawn & Patio,Grill Tool: Spatula,$8.52,$5.96
Lawn & Patio,Grill Tool: Tongs,$9.30,$6.51
Lawn & Patio,Grill: Charcoal,$28.46,$19.92
Lawn & Patio,Grill: Gas,$36.00,$25.20
Lawn & Patio,Hedge Trimmer: Electric,$29.03,$20.32
Lawn & Patio,Hedge Trimmer: Gas,$43.89,$30.72
Lawn & Patio,Lawn Chair,$22.29,$15.60
Lawn & Patio,Leaf Blower: Electric,$30.75,$21.53
Lawn & Patio,Leaf Blower: Gas,$31.21,$21.85
Lawn & Patio,Mailbox,$12.68,$8.88
Lawn & Patio,Mower: Gas: Push,$80.49,$56.34
Lawn & Patio,Mower: Gas: Self-Propelled,$138.92,$97.24
Lawn & Patio,Mower: Manual Reel,$46.31,$32.42
Lawn & Patio,Mower: Tractor/Riding,$244.56,$171.19
Lawn & Patio,Patio Umbrella,$29.12,$20.38
Lawn & Patio,Patio Umbrella Stand,$27.04,$18.93
Lawn & Patio,Patio/Garden Lights (Pair),$9.19,$6.43
Lawn & Patio,Picnic Table w/ Benches,$73.06,$51.14
Lawn & Patio,Planter,$14.28,$10.00
Lawn & Patio,Pruning Saw,$11.08,$7.76
Lawn & Patio,Rake,$9.84,$6.89
Lawn & Patio,Shears,$10.59,$7.41
Lawn & Patio,Shovel,$10.12,$7.08
Lawn & Patio,Snow Blower: Heavy Duty Two-Stage,$208.55,$145.99
Lawn & Patio,Snow Blower: Single-Stage,$113.70,$79.59
Lawn & Patio,Snow Blower: Two-Stage,$113.69,$79.58
Lawn & Patio,Snow Shovel,$10.69,$7.48
Lawn & Patio,Spreader,$12.82,$8.97
Lawn & Patio,Sprinkler: Decorative,$10.14,$7.10
Lawn & Patio,Sprinkler: Pulsating,$13.92,$9.74
Lawn & Patio,Sprinkler: Revolving,$14.14,$9.90
Lawn & Patio,Sprinkler: Tractor,$19.49,$13.64
Lawn & Patio,Storage Seat,$49.91,$34.94
Lawn & Patio,String Trimmer: Electric,$28.81,$20.17
Lawn & Patio,String Trimmer: Gas,$35.67,$24.97
Lawn & Patio,Tiki Torch,$8.20,$5.74
Lawn & Patio,Tiller: Electric,$64.83,$45.38
Lawn & Patio,Tiller: Gas,$57.04,$39.93
Lawn & Patio,Trellis,$34.13,$23.89
Lawn & Patio,Wind Chime,$11.88,$8.32
"Luggage, Backpacks & Cases",Backpack: Adult,$14.48,$10.14
"Luggage, Backpacks & Cases",Backpack: Youth,$13.62,$9.53
"Luggage, Backpacks & Cases",Briefcase,$31.72,$22.20
"Luggage, Backpacks & Cases",Carry On,$16.55,$11.59
"Luggage, Backpacks & Cases",Duffle Bag,$23.83,$16.68
"Luggage, Backpacks & Cases",Garment Bag,$21.43,$15.00
"Luggage, Backpacks & Cases",Suitcase,$32.24,$22.57
"Luggage, Backpacks & Cases",Vanity Case,$18.94,$13.26
Major Appliances,Dishwasher: Built-In,$122.33,$85.63
Major Appliances,Dishwasher: Portable,$114.56,$80.19
Major Appliances,Dryer: Electric,$137.83,$96.48
Major Appliances,Dryer: Gas,$111.17,$77.82
Major Appliances,Freezer: Chest,$114.56,$80.19
Major Appliances,Freezer: Upright,$107.70,$75.39
Major Appliances,Range: Electric,$66.54,$46.58
Major Appliances,Range: Gas,$61.39,$42.97
Major Appliances,Refrigerator: Side By Side,$127.26,$89.08
Major Appliances,Refrigerator: Top-Mount,$163.95,$114.77
Major Appliances,Washer: Front Load,$109.76,$76.83
Major Appliances,Washer: Portable,$80.95,$56.67
Major Appliances,Washer: Top Loading,$71.34,$49.94
Major Appliances,Window Air Conditioner,$85.47,$59.83
Musical Instruments,Drum: Bass,$39.85,$27.90
Musical Instruments,Drum: Bongos,$21.43,$15.00
Musical Instruments,Drum: Snare,$75.21,$52.65
Musical Instruments,Drum: Toms,$54.45,$38.12
Musical Instruments,Harmonica,$13.19,$9.23
Musical Instruments,Marching Band/Orchestra  Cymbals,$64.79,$45.35
Musical Instruments,Student Acoustic Guitar,$43.85,$30.70
Musical Instruments,Student Clarinet,$67.28,$47.10
Musical Instruments,Student Cornet,$62.15,$43.51
Musical Instruments,Student Flute,$90.09,$63.06
Musical Instruments,Student Piccolo,$101.77,$71.24
Musical Instruments,Student Saxophone,$180.93,$126.65
Musical Instruments,Student Trombone,$150.92,$105.64
Musical Instruments,Student Trumpet,$70.72,$49.50
Pet Supplies,Bird Cage,$29.74,$20.82
Pet Supplies,Cat Bed,$11.90,$8.33
Pet Supplies,Cat Brush,$4.55,$3.19
Pet Supplies,Cat Carrier,$15.76,$11.03
Pet Supplies,Cat Collar,$4.58,$3.21
Pet Supplies,Cat Dish,$6.22,$4.35
Pet Supplies,Cat Litter Box,$29.43,$20.60
Pet Supplies,Cat Scratcher or Tunnel,$14.40,$10.08
Pet Supplies,Dog Bed,$19.20,$13.44
Pet Supplies,Dog Brush,$5.73,$4.01
Pet Supplies,Dog Carrier or Crate: Large,$32.29,$22.60
Pet Supplies,Dog Carrier or Crate: Medium,$23.84,$16.69
Pet Supplies,Dog Carrier or Crate: Small,$19.55,$13.69
Pet Supplies,Dog Collar,$9.43,$6.60
Pet Supplies,Dog Dish,$6.68,$4.68
Pet Supplies,Dog Harness: Large,$9.66,$6.76
Pet Supplies,Dog Harness: Medium,$9.72,$6.80
Pet Supplies,Dog Harness: Small,$8.66,$6.06
Pet Supplies,Dog House,$20.74,$14.52
Pet Supplies,Dog Invisible Fence System,$75.46,$52.82
Pet Supplies,Dog Leash: Retractable,$9.14,$6.40
Pet Supplies,Dog Leash: Single Lead,$4.76,$3.33
Pet Supplies,Dog Muzzle,$6.62,$4.63
Pet Supplies,Fish Aquarium Heater,$9.87,$6.91
Pet Supplies,Fish Aquarium Stand,$41.16,$28.81
Pet Supplies,Fish Aquarium: Extra Large (60+ Gallons),$66.20,$46.34
Pet Supplies,Fish Aquarium: Large (30-59 Gallons),$56.93,$39.85
Pet Supplies,Fish Aquarium: Medium (10-29 Gallons),$36.02,$25.21
Pet Supplies,Fish Aquarium: Small (1-9 Gallons),$21.95,$15.37
Pet Supplies,Fish Bowl,$12.51,$8.76
Pet Supplies,Fish Filtration: Filter,$20.91,$14.64
Pet Supplies,Fish Filtration: Pump,$22.63,$15.84
Pet Supplies,Fish Filtration: Skimmer,$30.74,$21.52
Pet Supplies,Reptile Cage or Habitat,$53.51,$37.46
Pet Supplies,Reptile Food Dish,$5.15,$3.61
Pet Supplies,Reptile Heat Lamp,$9.94,$6.96
Pet Supplies,Reptile Heated Rock,$11.48,$8.04
Pet Supplies,Reptile Lamp,$9.94,$6.96
Pet Supplies,Reptile Under Cage Heater,$12.11,$8.48
Pet Supplies,Rodent Cage: Large,$29.47,$20.63
Pet Supplies,Rodent Cage: Small,$15.75,$11.03
Pet Supplies,Rodent Exercise Ball,$6.18,$4.33
Pet Supplies,Rodent Exercise Wheel,$7.54,$5.28
Phones & Communications,Answering Machine,$10.68,$7.48
Phones & Communications,Caller ID Box,$12.01,$8.41
Phones & Communications,CB Radio,$29.15,$20.41
Phones & Communications,Cell Phone,$38.37,$26.86
Phones & Communications,Cell Phone: Battery,$10.92,$7.64
Phones & Communications,Cell Phone: Case,$7.59,$5.31
Phones & Communications,Cell Phone: Charger: Automobile,$7.19,$5.03
Phones & Communications,Cell Phone: Charger: Desk Top,$7.32,$5.12
Phones & Communications,Cell Phone: Charger: USB,$5.78,$4.05
Phones & Communications,Cell Phone: Headset,$7.84,$5.49
Phones & Communications,Corded Telephone: Multi-Line,$24.01,$16.81
Phones & Communications,Corded Telephone: Single-Line,$12.68,$8.88
Phones & Communications,Cordless Telephone: Multi-Line,$25.73,$18.01
Phones & Communications,Cordless Telephone: Single-Line,$14.40,$10.08
Phones & Communications,Cordless Telephone: Telephone/Answering Machine Combo,$14.05,$9.84
Phones & Communications,FRS Radios (Pair),$18.00,$12.60
Phones & Communications,Headset,$14.51,$10.16
Portable Audio & Video,Boombox,$27.22,$19.05
Portable Audio & Video,Cassette Player,$12.35,$8.65
Portable Audio & Video,CD Player,$17.15,$12.01
Portable Audio & Video,DVD Player,$23.86,$16.70
Portable Audio & Video,MiniDisc Player,$41.33,$28.93
Portable Audio & Video,MP3 Player (Apple),$34.21,$23.95
Portable Audio & Video,MP3 Player (Excluding Apple),$22.21,$15.55
Sporting Goods,Abdominal Slide or Roller,$10.63,$7.44
Sporting Goods,Aerobic Stepper,$23.14,$16.20
Sporting Goods,Air Mattress: Full,$38.06,$26.64
Sporting Goods,Air Mattress: King,$62.59,$43.81
Sporting Goods,Air Mattress: Queen,$54.88,$38.42
Sporting Goods,Air Mattress: Twin,$21.58,$15.11
Sporting Goods,Air Pump: Electric,$15.78,$11.05
Sporting Goods,Air Pump: Foot,$8.40,$5.88
Sporting Goods,Archery Arrows (Dozen),$28.12,$19.68
Sporting Goods,Archery Bow: Adult,$28.12,$19.68
Sporting Goods,Archery Bow: Youth,$25.71,$18.00
Sporting Goods,Archery Target,$23.33,$16.33
Sporting Goods,Badminton Set,$17.50,$12.25
Sporting Goods,Baseball Bat: Adult,$25.89,$18.12
Sporting Goods,Baseball Bat: Youth,$23.49,$16.44
Sporting Goods,Baseball Glove: Adult,$18.72,$13.10
Sporting Goods,Baseball Glove: Youth,$12.68,$8.88
Sporting Goods,Basketball,$9.00,$6.30
Sporting Goods,Basketball Hoop Unit: In Ground,$71.34,$49.94
Sporting Goods,Basketball Hoop Unit: Portable,$101.96,$71.37
Sporting Goods,Bicycle Car Rack: Fold Down,$37.72,$26.40
Sporting Goods,Bicycle Car Rack: Roof Mounted,$54.88,$38.42
Sporting Goods,Bicycle Car Rack: Swing Away,$54.87,$38.41
Sporting Goods,Bicycle Car Rack: Trailer Hitch/Ball Mounted,$54.88,$38.42
Sporting Goods,Bicycle Car Rack: Truck Bed,$46.31,$32.42
Sporting Goods,Bicycle Child Carrier: Seat,$27.93,$19.55
Sporting Goods,Bicycle Child Carrier: Trailer,$70.31,$49.22
Sporting Goods,Bicycle Helmet: Adult,$17.66,$12.36
Sporting Goods,Bicycle Helmet: Youth,$16.63,$11.64
Sporting Goods,Bicycle: Adult,$53.51,$37.46
Sporting Goods,Bicycle: Youth,$48.36,$33.85
Sporting Goods,Bike Pump,$12.31,$8.62
Sporting Goods,Billiards Table,$143.03,$100.12
Sporting Goods,Billiards: Cue Case,$38.93,$27.25
Sporting Goods,Billiards: Cue Stick,$42.17,$29.52
Sporting Goods,Binoculars,$19.41,$13.59
Sporting Goods,Boat Tow Toy: Kneeboard,$22.31,$15.62
Sporting Goods,Boat Tow Toy: Raft,$29.14,$20.40
Sporting Goods,Boat Tow Toy: Tube,$27.77,$19.44
Sporting Goods,Boat Tow Toy: Wakeboard,$38.08,$26.66
Sporting Goods,Bocce Set,$26.95,$18.87
Sporting Goods,Boogie Board,$22.54,$15.78
Sporting Goods,Bowling Ball,$24.01,$16.81
Sporting Goods,Bowling Ball Bag: 1 Ball,$15.09,$10.56
Sporting Goods,Bowling Ball Bag: 2 Ball,$23.66,$16.56
Sporting Goods,Bowling Ball Bag: 3 Ball,$28.50,$19.95
Sporting Goods,Bowling Ball Bag: 4 Ball,$34.29,$24.00
Sporting Goods,Bowling Ball Bag: 6 Ball,$41.73,$29.21
Sporting Goods,Bowling Shoes: Men's,$17.00,$11.90
Sporting Goods,Bowling Shoes: Women's,$15.74,$11.02
Sporting Goods,Bowling Shoes: Youth,$13.88,$9.72
Sporting Goods,Boxing Gloves: Adult,$14.71,$10.30
Sporting Goods,Boxing Gloves: Youth,$12.31,$8.62
Sporting Goods,Boxing: Protective Gear: Hand Wraps,$6.18,$4.33
Sporting Goods,Boxing: Protective Gear: Headgear,$22.30,$15.61
Sporting Goods,Boxing: Protective Gear: Protective Cup,$38.24,$26.77
Sporting Goods,Canopy w/Poles,$35.33,$24.73
Sporting Goods,Catcher's Mitt: Adult,$24.52,$17.16
Sporting Goods,Catcher's Mitt: Youth,$21.09,$14.76
Sporting Goods,Cooler: 2-4 Quart,$13.54,$9.48
Sporting Goods,Cooler: 25-50 Quart,$29.91,$20.94
Sporting Goods,Cooler: 5-24 Quart,$31.28,$21.90
Sporting Goods,Cooler: 51+ Quart,$25.03,$17.52
Sporting Goods,Cooler: 6 Pack,$14.91,$10.44
Sporting Goods,Cot,$45.78,$32.05
Sporting Goods,Croquet Set,$25.55,$17.89
Sporting Goods,Dance Shoes: Ballet Slippers,$9.07,$6.35
Sporting Goods,Dance Shoes: Tap Shoes,$17.81,$12.47
Sporting Goods,Dance Skirt: Adult,$9.60,$6.72
Sporting Goods,Dance Skirt: Youth,$9.86,$6.90
Sporting Goods,Dartboard: Bristle,$13.55,$9.49
Sporting Goods,Dartboard: Electronic,$19.21,$13.45
Sporting Goods,Dartboard: Magnetic,$13.22,$9.25
Sporting Goods,Decoy,$16.86,$11.80
Sporting Goods,Electric Treadmill,$143.13,$100.19
Sporting Goods,Exercise Ball,$10.14,$7.10
Sporting Goods,Fishing: Reel,$13.65,$9.56
Sporting Goods,Fishing: Rod,$24.70,$17.29
Sporting Goods,Fishing: Tackle Box,$18.52,$12.96
Sporting Goods,Folding Camp Chair,$17.96,$12.57
Sporting Goods,Football Helmet: Adult,$36.69,$25.68
Sporting Goods,Football Helmet: Youth,$25.54,$17.88
Sporting Goods,"Football Pads: Arm, Elbow & Hand",$9.52,$6.66
Sporting Goods,Football Pads: Chin,$10.02,$7.01
Sporting Goods,Football Pads: Neck & Shoulder,$25.20,$17.64
Sporting Goods,Football Pads: Rib,$33.43,$23.40
Sporting Goods,Football Shoes: Adult,$13.47,$9.43
Sporting Goods,Football Shoes: Youth,$15.19,$10.63
Sporting Goods,Football: Adult,$15.77,$11.04
Sporting Goods,Football: Youth,$13.20,$9.24
Sporting Goods,Game Call,$13.55,$9.49
Sporting Goods,Golf Bag: Cart,$35.33,$24.73
Sporting Goods,Golf Bag: Staff,$57.62,$40.33
Sporting Goods,Golf Bag: Stand,$43.21,$30.25
Sporting Goods,Golf Bag: Travel,$43.21,$30.25
Sporting Goods,Golf Cart: Pull,$39.20,$27.44
Sporting Goods,Golf Cart: Push,$60.71,$42.50
Sporting Goods,Golf Clubs: Complete Starter Set,$40.81,$28.57
Sporting Goods,Golf Clubs: Driver,$49.73,$34.81
Sporting Goods,Golf Clubs: Iron,$48.70,$34.09
Sporting Goods,Golf Clubs: Putter,$34.17,$23.92
Sporting Goods,Golf Clubs: Wedge: Pitching,$24.52,$17.16
Sporting Goods,Golf Clubs: Wedge: Sand,$24.63,$17.24
Sporting Goods,Golf Clubs: Wood,$38.00,$26.60
Sporting Goods,Golf Gloves: Men's,$13.35,$9.35
Sporting Goods,Golf Gloves: Women's,$11.59,$8.11
Sporting Goods,Golf Gloves: Youth,$9.61,$6.73
Sporting Goods,Golf Head Cover,$8.48,$5.94
Sporting Goods,Golf Shoes: Men's,$16.32,$11.42
Sporting Goods,Golf Shoes: Women's,$16.10,$11.27
Sporting Goods,Golf Shoes: Youth,$13.03,$9.12
Sporting Goods,Golf Towel,$9.77,$6.84
Sporting Goods,Golf Umbrella,$11.87,$8.31
Sporting Goods,Gun Rack: Automobile,$24.93,$17.45
Sporting Goods,Gun Rack: Home,$20.75,$14.53
Sporting Goods,Hockey Gloves: Adult,$15.19,$10.63
Sporting Goods,Hockey Gloves: Youth,$15.19,$10.63
Sporting Goods,Hockey Goal,$39.10,$27.37
Sporting Goods,Hockey Helmet: Goalie,$22.11,$15.48
Sporting Goods,Hockey Helmet: Player,$22.11,$15.48
Sporting Goods,Hockey Pads: Elbow/Arm,$16.90,$11.83
Sporting Goods,Hockey Pads: Goalie Chest,$52.91,$37.04
Sporting Goods,Hockey Pads: Goalie Leg,$76.71,$53.70
Sporting Goods,Hockey Pads: Knee/Shin,$42.02,$29.41
Sporting Goods,Hockey Pads: Shoulder,$18.01,$12.61
Sporting Goods,Hockey Skates: Adult,$29.83,$20.88
Sporting Goods,Hockey Skates: Youth,$28.55,$19.99
Sporting Goods,Horseshoe Set,$22.63,$15.84
Sporting Goods,Hunting Knife,$19.29,$13.50
Sporting Goods,Hunting Vest,$17.12,$11.98
Sporting Goods,Ice Skates: Men's,$24.49,$17.14
Sporting Goods,Ice Skates: Women's,$22.11,$15.48
Sporting Goods,Ice Skates: Youth,$14.06,$9.84
Sporting Goods,Jump Rope,$7.41,$5.19
Sporting Goods,Lantern,$18.69,$13.08
Sporting Goods,Leotard: Adult,$9.50,$6.65
Sporting Goods,Leotard: Youth,$8.91,$6.24
Sporting Goods,Life Preserver: Adult,$16.29,$11.40
Sporting Goods,Life Preserver: Youth,$10.00,$7.00
Sporting Goods,Manual Treadmill,$104.91,$73.44
Sporting Goods,Martial Arts Uniform: Adult,$17.79,$12.45
Sporting Goods,Martial Arts Uniform: Youth,$15.91,$11.14
Sporting Goods,Motorcycling Chaps: Men's,$20.92,$14.64
Sporting Goods,Motorcycling Chaps: Women's,$31.90,$22.33
Sporting Goods,Motorcycling Gloves,$18.28,$12.80
Sporting Goods,Motorcycling Helmet,$26.40,$18.48
Sporting Goods,Motorcycling Saddlebag,$40.12,$28.08
Sporting Goods,Pedometer,$10.12,$7.08
Sporting Goods,Pocket Knife,$7.29,$5.10
Sporting Goods,Protective Gear: Arm,$9.66,$6.76
Sporting Goods,Protective Gear: Chest,$20.92,$14.64
Sporting Goods,Protective Gear: Foot,$10.90,$7.63
Sporting Goods,Protective Gear: Groin,$12.78,$8.95
Sporting Goods,Protective Gear: Hand,$12.59,$8.81
Sporting Goods,Protective Gear: Head,$10.99,$7.69
Sporting Goods,Protective Gear: Shin,$19.64,$13.75
Sporting Goods,Punch Bag: Punching,$40.13,$28.09
Sporting Goods,Punch Bag: Speed,$29.50,$20.65
Sporting Goods,Racquetball Eye Guard,$24.11,$16.88
Sporting Goods,Racquetball Gloves,$9.26,$6.48
Sporting Goods,Racquetball Racquet,$13.02,$9.11
Sporting Goods,Racquetball Shoes: Men's,$19.56,$13.69
Sporting Goods,Racquetball Shoes: Women's,$23.68,$16.58
Sporting Goods,Rifle Bag,$13.05,$9.14
Sporting Goods,Roller Blades: Men's,$25.71,$18.00
Sporting Goods,Roller Blades: Women's,$22.12,$15.48
Sporting Goods,Roller Blades: Youth,$15.62,$10.93
Sporting Goods,Roller Skates: Men's,$30.53,$21.37
Sporting Goods,Roller Skates: Women's,$25.73,$18.01
Sporting Goods,Roller Skates: Youth,$23.66,$16.56
Sporting Goods,Scooter: Kick,$66.90,$46.83
Sporting Goods,Scooter: Motorized: Electric,$132.05,$92.44
Sporting Goods,Scooter: Motorized: Gas,$83.05,$58.14
Sporting Goods,Scuba: Booties,$13.71,$9.60
Sporting Goods,Scuba: Depth Gauge,$23.32,$16.32
Sporting Goods,Scuba: Dive Light,$34.64,$24.25
Sporting Goods,Scuba: Dry Suit,$56.50,$39.55
Sporting Goods,Scuba: Fins,$34.29,$24.00
Sporting Goods,Scuba: Gloves,$22.80,$15.96
Sporting Goods,Scuba: Hood,$23.54,$16.48
Sporting Goods,Scuba: Knife,$24.35,$17.05
Sporting Goods,Scuba: Mask,$18.80,$13.16
Sporting Goods,Scuba: Regulator,$53.15,$37.21
Sporting Goods,Scuba: Snorkel,$21.79,$15.25
Sporting Goods,Scuba: Tank,$48.70,$34.09
Sporting Goods,Scuba: Weight Belt,$25.84,$18.09
Sporting Goods,Skateboard,$26.32,$18.42
Sporting Goods,Ski Bag,$14.38,$10.07
Sporting Goods,Ski Boots: Adult,$34.30,$24.01
Sporting Goods,Ski Boots: Youth,$40.81,$28.57
Sporting Goods,Ski Poles (Pair),$24.35,$17.05
Sporting Goods,Sled,$24.64,$17.25
Sporting Goods,Sleeping Bag: Adult,$23.12,$16.18
Sporting Goods,Sleeping Bag: Youth,$17.48,$12.24
Sporting Goods,Snow Goggles: Adult,$10.80,$7.56
Sporting Goods,Snow Goggles: Youth,$10.93,$7.65
Sporting Goods,Snow Skis (Pair),$34.29,$24.00
Sporting Goods,Snowboard,$41.16,$28.81
Sporting Goods,Soccer: Ball,$8.22,$5.75
Sporting Goods,Soccer: Gloves,$10.80,$7.56
Sporting Goods,Soccer: Jersey,$14.23,$9.96
Sporting Goods,Soccer: Pants,$13.35,$9.35
Sporting Goods,Soccer: Shin Guards (Pair),$9.37,$6.56
Sporting Goods,Soccer: Shoes: Men's,$17.48,$12.24
Sporting Goods,Soccer: Shoes: Women's,$14.95,$10.47
Sporting Goods,Soccer: Shoes: Youth,$13.03,$9.12
Sporting Goods,Soccer: Shorts,$13.03,$9.12
Sporting Goods,Soccer: Socks,$5.78,$4.05
Sporting Goods,Squash Racquet,$13.17,$9.22
Sporting Goods,Stationary Bike,$98.95,$69.27
Sporting Goods,Stove: Alcohol Burning,$35.67,$24.97
Sporting Goods,Stove: Gas Burning,$25.30,$17.71
Sporting Goods,Stove: Multi-Fuel Burning,$42.20,$29.54
Sporting Goods,Surfboard Bag,$28.64,$20.05
Sporting Goods,Surfboard: Long Board,$90.65,$63.46
Sporting Goods,Surfboard: Short Board,$82.08,$57.46
Sporting Goods,Table Tennis Paddles (Set),$9.95,$6.97
Sporting Goods,Table Tennis Table,$103.93,$72.75
Sporting Goods,Tennis: Racquet Bag,$13.64,$9.55
Sporting Goods,Tennis: Racquet Cover,$11.86,$8.30
Sporting Goods,Tennis: Racquet: Adult,$18.69,$13.08
Sporting Goods,Tennis: Racquet: Youth,$13.77,$9.64
Sporting Goods,Tennis: Shoes: Men's,$22.24,$15.57
Sporting Goods,Tennis: Shoes: Women's,$23.17,$16.22
Sporting Goods,Tent,$21.26,$14.88
Sporting Goods,Thigh Exerciser,$14.23,$9.96
Sporting Goods,Volleyball Set,$25.66,$17.96
Sporting Goods,Weight Training: Ankle Weights (Pair),$14.06,$9.84
Sporting Goods,Weight Training: Belt,$9.22,$6.45
Sporting Goods,Weight Training: Dumbbell Set,$20.14,$14.10
Sporting Goods,Weight Training: Gloves,$7.40,$5.18
Sporting Goods,Weight Training: Weight Bench,$39.10,$27.37
Sporting Goods,Weight Training: Wrist Weights (Pair),$9.19,$6.43
Sporting Goods,Wetsuit: Adult,$19.72,$13.80
Sporting Goods,Wetsuit: Youth,$19.36,$13.55
Sporting Goods,Wrestling Protective Gear: Ear/Head,$14.40,$10.08
Sporting Goods,Wrestling Protective Gear: Knee,$13.55,$9.49
Sporting Goods,Wrestling Shoes: Adult,$13.72,$9.60
Sporting Goods,Wrestling Shoes: Youth,$17.66,$12.36
Sporting Goods,Wrestling Uniform: Adult,$11.48,$8.04
Sporting Goods,Wrestling Uniform: Youth,$16.28,$11.40
Sporting Goods,Yoga Mat,$5.15,$3.61
Tools & Hardware,Air Nail Gun,$33.40,$23.38
Tools & Hardware,Carbon Monoxide Detector,$18.86,$13.20
Tools & Hardware,Combination Lock,$7.87,$5.51
Tools & Hardware,Deadbolt Lock,$15.95,$11.17
Tools & Hardware,Drill Bit Set,$13.69,$9.58
Tools & Hardware,Drill: Corded,$21.71,$15.20
Tools & Hardware,Drill: Cordless,$29.02,$20.31
Tools & Hardware,Electric Screwdriver,$13.72,$9.60
Tools & Hardware,Electric Staple Gun,$14.23,$9.96
Tools & Hardware,Flashlight,$9.19,$6.43
Tools & Hardware,Hack Saw,$11.41,$7.99
Tools & Hardware,Hammer,$10.28,$7.20
Tools & Hardware,Hand Saw,$13.89,$9.72
Tools & Hardware,Ladder: Extension,$46.31,$32.42
Tools & Hardware,Ladder: Step,$23.84,$16.69
Tools & Hardware,Level,$13.34,$9.34
Tools & Hardware,Padlock,$6.30,$4.41
Tools & Hardware,Pliers,$6.96,$4.87
Tools & Hardware,Router,$29.32,$20.52
Tools & Hardware,Sander: Belt,$31.89,$22.32
Tools & Hardware,Sander: Finishing,$24.56,$17.19
Tools & Hardware,Sander: Orbital,$22.98,$16.09
Tools & Hardware,Saw: Band,$45.72,$32.00
Tools & Hardware,Saw: Circular,$32.75,$22.93
Tools & Hardware,Saw: Jig,$23.01,$16.11
Tools & Hardware,Saw: Miter,$37.56,$26.29
Tools & Hardware,Saw: Reciprocating,$25.90,$18.13
Tools & Hardware,Saw: Table,$43.66,$30.56
Tools & Hardware,Saw: Tile,$37.90,$26.53
Tools & Hardware,Screwdriver,$4.94,$3.46
Tools & Hardware,Shelving Unit,$44.02,$30.81
Tools & Hardware,Shop Vac: 1-3 Gallon,$22.12,$15.48
Tools & Hardware,Shop Vac: 10-15 Gallon,$30.36,$21.25
Tools & Hardware,Shop Vac: 16-25 Gallon,$43.90,$30.73
Tools & Hardware,Shop Vac: 5-8 Gallon,$25.04,$17.53
Tools & Hardware,Smoke & Carbon Monoxide Detector,$20.23,$14.16
Tools & Hardware,Smoke Detector,$17.32,$12.12
Tools & Hardware,Tool Belt,$13.94,$9.76
Tools & Hardware,Toolbox,$25.07,$17.55
Tools & Hardware,Wrench: Adjustable,$7.31,$5.12
Tools & Hardware,Wrench: Open-End,$8.03,$5.62
Tools & Hardware,Wrench: Torque,$17.32,$12.12
"Toys, Hobbies & Gaming",10-999 Piece,$9.13,$6.39
"Toys, Hobbies & Gaming",1000 or More Piece,$9.49,$6.64
"Toys, Hobbies & Gaming",Action Figure,$8.72,$6.10
"Toys, Hobbies & Gaming",American Girl: Bitty Baby Doll,$23.14,$16.20
"Toys, Hobbies & Gaming",American Girl: Full-Size AG Doll,$16.77,$11.74
"Toys, Hobbies & Gaming",American Girl: Miniature AG Doll,$13.30,$9.31
"Toys, Hobbies & Gaming",Baby Doll,$8.57,$6.00
"Toys, Hobbies & Gaming",Ball Pit,$20.97,$14.68
"Toys, Hobbies & Gaming",Barbie: Car,$8.25,$5.78
"Toys, Hobbies & Gaming",Barbie: Doll,$7.29,$5.10
"Toys, Hobbies & Gaming",Barbie: Dollhouse,$17.32,$12.12
"Toys, Hobbies & Gaming",Barbie: Styling Head,$11.96,$8.37
"Toys, Hobbies & Gaming",Board Game,$10.35,$7.25
"Toys, Hobbies & Gaming",Bratz: Full-Size Doll,$12.88,$9.02
"Toys, Hobbies & Gaming",Cabbage Patch: Full-Size Doll,$17.46,$12.22
"Toys, Hobbies & Gaming",Cap Gun,$12.66,$8.86
"Toys, Hobbies & Gaming",Card Game,$5.10,$3.57
"Toys, Hobbies & Gaming",Childrens BBQ Grill,$13.34,$9.34
"Toys, Hobbies & Gaming",Childrens Cash Register,$13.16,$9.21
"Toys, Hobbies & Gaming",Childrens Grocery Cart,$15.51,$10.86
"Toys, Hobbies & Gaming",Childrens Kitchen Set,$21.78,$15.25
"Toys, Hobbies & Gaming",Childrens Laundry Center,$13.95,$9.77
"Toys, Hobbies & Gaming",Children's Picnic Table,$25.17,$17.62
"Toys, Hobbies & Gaming",Childrens Play Phone,$7.16,$5.01
"Toys, Hobbies & Gaming",Childrens Rocking Chair,$9.70,$6.79
"Toys, Hobbies & Gaming",Childrens Tea Set,$11.14,$7.80
"Toys, Hobbies & Gaming",Childrens Tool Belt Set,$8.26,$5.78
"Toys, Hobbies & Gaming",Childrens Vacuum Cleaner,$10.70,$7.49
"Toys, Hobbies & Gaming",Childrens Workbench,$14.57,$10.20
"Toys, Hobbies & Gaming",Colorforms Play Set,$11.52,$8.06
"Toys, Hobbies & Gaming",Cork Gun,$13.03,$9.12
"Toys, Hobbies & Gaming",Covered Sandbox,$34.71,$24.30
"Toys, Hobbies & Gaming",Cutting Mat,$8.03,$5.62
"Toys, Hobbies & Gaming",Decorative Paper Punch,$8.75,$6.13
"Toys, Hobbies & Gaming",Dice Game,$7.39,$5.17
"Toys, Hobbies & Gaming",Die Cast: Matchbox/Hot Wheel,$6.63,$4.64
"Toys, Hobbies & Gaming",Die Cast: Tonka Truck,$8.18,$5.73
"Toys, Hobbies & Gaming",Diva Starz: Full-Size Doll,$12.92,$9.04
"Toys, Hobbies & Gaming",Doll Toys: Bassinet,$22.71,$15.90
"Toys, Hobbies & Gaming",Doll Toys: Cradle,$11.83,$8.28
"Toys, Hobbies & Gaming",Doll Toys: Highchair,$14.19,$9.93
"Toys, Hobbies & Gaming",Doll Toys: Stroller,$10.56,$7.39
"Toys, Hobbies & Gaming",DUPLO Set,$13.55,$9.49
"Toys, Hobbies & Gaming",Easy Bake Oven,$15.60,$10.92
"Toys, Hobbies & Gaming",Embossing Heat Gun,$12.43,$8.70
"Toys, Hobbies & Gaming",Erector Set: Building,$13.16,$9.21
"Toys, Hobbies & Gaming",Erector Set: Junior,$12.89,$9.02
"Toys, Hobbies & Gaming",Erector Set: Model,$21.42,$14.99
"Toys, Hobbies & Gaming",Etch A Sketch,$9.95,$6.97
"Toys, Hobbies & Gaming",Flash Cards,$2.19,$1.53
"Toys, Hobbies & Gaming",Frisbee,$5.66,$3.96
"Toys, Hobbies & Gaming",Game: Nintendo 64,$6.72,$4.70
"Toys, Hobbies & Gaming",Game: Nintendo Game Boy Advance,$6.28,$4.40
"Toys, Hobbies & Gaming",Game: Nintendo Game Boy Original/Color,$7.89,$5.52
"Toys, Hobbies & Gaming",Game: Nintendo GameCube,$7.89,$5.52
"Toys, Hobbies & Gaming",Game: Nintendo NES,$7.89,$5.52
"Toys, Hobbies & Gaming",Game: Nintendo Super,$7.89,$5.52
"Toys, Hobbies & Gaming",Game: Other,$7.16,$5.01
"Toys, Hobbies & Gaming",Game: PlayStation,$7.89,$5.52
"Toys, Hobbies & Gaming",Game: PlayStation 2,$7.89,$5.52
"Toys, Hobbies & Gaming",Game: Sega Dreamcast,$7.89,$5.52
"Toys, Hobbies & Gaming",Game: Sega Game Gear,$7.89,$5.52
"Toys, Hobbies & Gaming",Game: Sega Genesis,$7.89,$5.52
"Toys, Hobbies & Gaming",Game: Sega Saturn,$7.89,$5.52
"Toys, Hobbies & Gaming",Game: Xbox,$10.22,$7.15
"Toys, Hobbies & Gaming",Groovy Girls: Full-Size Doll,$9.52,$6.66
"Toys, Hobbies & Gaming",Guitar,$64.31,$45.02
"Toys, Hobbies & Gaming",Gumball Machine,$9.94,$6.96
"Toys, Hobbies & Gaming",Handheld Game,$26.92,$18.84
"Toys, Hobbies & Gaming",Hot Glue Gun,$9.60,$6.72
"Toys, Hobbies & Gaming",Image Projector,$12.55,$8.79
"Toys, Hobbies & Gaming",Interactive Pet,$11.17,$7.82
"Toys, Hobbies & Gaming",Jack In The Box,$10.49,$7.34
"Toys, Hobbies & Gaming",K'NEX Set,$14.70,$10.29
"Toys, Hobbies & Gaming",Keyboard,$13.40,$9.38
"Toys, Hobbies & Gaming",Kite,$6.85,$4.80
"Toys, Hobbies & Gaming",Leap Pad (System),$17.28,$12.10
"Toys, Hobbies & Gaming",LEGO Set,$22.12,$15.48
"Toys, Hobbies & Gaming",Lincoln Logs: Building Set,$14.23,$9.96
"Toys, Hobbies & Gaming",Lincoln Logs: Train Set,$19.99,$13.99
"Toys, Hobbies & Gaming",Lite Brite,$11.31,$7.92
"Toys, Hobbies & Gaming",Magic 8 Ball,$6.06,$4.24
"Toys, Hobbies & Gaming",Magna Doodle,$9.43,$6.60
"Toys, Hobbies & Gaming",Mega Bloks Set,$12.71,$8.90
"Toys, Hobbies & Gaming",Microscope,$58.31,$40.82
"Toys, Hobbies & Gaming",Mr. Potato Head,$6.78,$4.75
"Toys, Hobbies & Gaming",Nerf Football,$8.71,$6.10
"Toys, Hobbies & Gaming",Nerf Gun,$12.15,$8.51
"Toys, Hobbies & Gaming",Nintendo 64: AC Power Supply,$10.69,$7.48
"Toys, Hobbies & Gaming",Nintendo 64: AV Cable,$8.51,$5.96
"Toys, Hobbies & Gaming",Nintendo 64: Controller,$12.79,$8.95
"Toys, Hobbies & Gaming",Nintendo 64: Memory Card,$9.95,$6.97
"Toys, Hobbies & Gaming",Nintendo Game Boy: AC Power Supply,$4.85,$3.40
"Toys, Hobbies & Gaming",Nintendo Game Boy: Case,$5.89,$4.12
"Toys, Hobbies & Gaming",Nintendo Game Boy: Link Cable,$4.46,$3.12
"Toys, Hobbies & Gaming",Nintendo Game Boy: Survival Kit,$10.46,$7.32
"Toys, Hobbies & Gaming",Nintendo Game Boy: Wireless Adapter,$4.93,$3.45
"Toys, Hobbies & Gaming",Nintendo GameCube: AC Power Supply,$11.45,$8.02
"Toys, Hobbies & Gaming",Nintendo GameCube: AV Cable,$7.85,$5.50
"Toys, Hobbies & Gaming",Nintendo GameCube: Controller,$13.02,$9.11
"Toys, Hobbies & Gaming",Nintendo GameCube: Memory Card,$10.69,$7.48
"Toys, Hobbies & Gaming",Nintendo GameCube: Wave Bird Wireless Controller,$23.08,$16.16
"Toys, Hobbies & Gaming",Nintendo NES: AC Power Supply,$11.66,$8.16
"Toys, Hobbies & Gaming",Nintendo NES: Controller,$10.30,$7.21
"Toys, Hobbies & Gaming",Nintendo NES: RF Switch,$9.23,$6.46
"Toys, Hobbies & Gaming",Nintendo NES: Zapper Gun,$10.96,$7.67
"Toys, Hobbies & Gaming",Nintendo Super: AC Power Supply,$13.86,$9.70
"Toys, Hobbies & Gaming",Nintendo Super: Controller,$12.38,$8.67
"Toys, Hobbies & Gaming",Nintendo Super: Gun,$7.88,$5.52
"Toys, Hobbies & Gaming",Nintendo Super: RF Switch,$9.94,$6.96
"Toys, Hobbies & Gaming",Nintendo Super: Strategy Guide,$9.43,$6.60
"Toys, Hobbies & Gaming",Nintendo Super: USB Controller,$8.75,$6.13
"Toys, Hobbies & Gaming",Paper Crimper,$8.61,$6.03
"Toys, Hobbies & Gaming",Paper Trimmer,$10.36,$7.25
"Toys, Hobbies & Gaming",Piggy Bank,$7.75,$5.43
"Toys, Hobbies & Gaming",Play Hut/Play Tent,$17.64,$12.35
"Toys, Hobbies & Gaming",Playground/Climber,$138.92,$97.24
"Toys, Hobbies & Gaming",PlayStation 2: Controller,$13.72,$9.60
"Toys, Hobbies & Gaming",PlayStation 2: Memory Card,$8.06,$5.64
"Toys, Hobbies & Gaming",PlayStation 2: Multitap,$11.82,$8.27
"Toys, Hobbies & Gaming",PlayStation 2: Network Adapter,$12.88,$9.02
"Toys, Hobbies & Gaming",PlayStation: AC Power Supply,$9.91,$6.94
"Toys, Hobbies & Gaming",PlayStation: Controller,$11.83,$8.28
"Toys, Hobbies & Gaming",PlayStation: Memory Card,$8.09,$5.66
"Toys, Hobbies & Gaming",PlayStation: Multitap,$11.78,$8.25
"Toys, Hobbies & Gaming",Plug N Play Game,$6.04,$4.23
"Toys, Hobbies & Gaming",Plush/Stuffed Toy,$7.07,$4.95
"Toys, Hobbies & Gaming",Pop Up Toy,$6.97,$4.88
"Toys, Hobbies & Gaming",Portable Slide,$16.57,$11.60
"Toys, Hobbies & Gaming",Precious Moments: Full-Size Doll,$17.25,$12.08
"Toys, Hobbies & Gaming",Push/Scoot Toy,$8.11,$5.68
"Toys, Hobbies & Gaming",Quantum Pad (System),$10.16,$7.11
"Toys, Hobbies & Gaming",Remote Control Car,$16.27,$11.39
"Toys, Hobbies & Gaming",Rokenbok Set,$20.04,$14.03
"Toys, Hobbies & Gaming",Rotary Trimmer,$12.90,$9.03
"Toys, Hobbies & Gaming",Rubber Stamp,$3.94,$2.76
"Toys, Hobbies & Gaming",Sand/Water Toy,$7.94,$5.56
"Toys, Hobbies & Gaming",Scissors: Decorative,$5.47,$3.83
"Toys, Hobbies & Gaming",Scissors: Straight Edge,$4.80,$3.36
"Toys, Hobbies & Gaming",Sega Dreamcast: Controller,$12.51,$8.76
"Toys, Hobbies & Gaming",Sega Dreamcast: Gun,$25.38,$17.77
"Toys, Hobbies & Gaming",Sega Dreamcast: Memory Card,$12.31,$8.62
"Toys, Hobbies & Gaming",Sega Dreamcast: Visual Memory Unit,$17.52,$12.26
"Toys, Hobbies & Gaming",Sega Game Gear: AC Power Supply,$11.42,$7.99
"Toys, Hobbies & Gaming",Sega Game Gear: TV Tuner,$19.75,$13.83
"Toys, Hobbies & Gaming",Sega Genesis: AC Power Supply,$5.11,$3.58
"Toys, Hobbies & Gaming",Sega Genesis: AV Cable,$6.69,$4.68
"Toys, Hobbies & Gaming",Sega Genesis: Controller,$7.88,$5.52
"Toys, Hobbies & Gaming",Sega Genesis: RF Switch,$5.25,$3.68
"Toys, Hobbies & Gaming",Sega Saturn: AV Cable,$5.97,$4.18
"Toys, Hobbies & Gaming",Sega Saturn: Controller,$9.95,$6.97
"Toys, Hobbies & Gaming",Sega Saturn: Memory Card,$10.42,$7.29
"Toys, Hobbies & Gaming",Sewing Machine: Standard,$45.89,$32.12
"Toys, Hobbies & Gaming",Sewing Machine: Travel,$51.11,$35.78
"Toys, Hobbies & Gaming",Sewing Shears: Pinking,$7.79,$5.45
"Toys, Hobbies & Gaming",Sewing Shears: Quilting,$11.35,$7.95
"Toys, Hobbies & Gaming",Sewing Shears: Straight Edge,$6.98,$4.89
"Toys, Hobbies & Gaming",Sewing: Material/Fabric,$6.75,$4.73
"Toys, Hobbies & Gaming",Sewing: Pattern,$3.97,$2.78
"Toys, Hobbies & Gaming",Shrinky Dinks Maker,$10.06,$7.04
"Toys, Hobbies & Gaming",Sit N Spin,$13.56,$9.49
"Toys, Hobbies & Gaming",Slinky,$4.53,$3.17
"Toys, Hobbies & Gaming",Spinning Top,$4.90,$3.43
"Toys, Hobbies & Gaming",Spirograph,$8.39,$5.87
"Toys, Hobbies & Gaming",Sprinkler,$13.54,$9.48
"Toys, Hobbies & Gaming",Stacking Toy,$8.20,$5.74
"Toys, Hobbies & Gaming",Storage Tote,$8.17,$5.72
"Toys, Hobbies & Gaming",Strawberry Shortcake: Full-Size Doll,$11.82,$8.27
"Toys, Hobbies & Gaming",Swing: Infant/Toddler,$20.45,$14.32
"Toys, Hobbies & Gaming",Swing: Youth,$20.45,$14.32
"Toys, Hobbies & Gaming",Swivel Knife,$9.85,$6.90
"Toys, Hobbies & Gaming",System: Nintendo 64,$31.56,$22.09
"Toys, Hobbies & Gaming",System: Nintendo DS,$32.59,$22.81
"Toys, Hobbies & Gaming",System: Nintendo Game Boy Advance,$31.90,$22.33
"Toys, Hobbies & Gaming",System: Nintendo Game Boy Advance SP,$41.84,$29.29
"Toys, Hobbies & Gaming",System: Nintendo Game Boy Color,$43.04,$30.13
"Toys, Hobbies & Gaming",System: Nintendo Game Boy Original,$35.84,$25.09
"Toys, Hobbies & Gaming",System: Nintendo Game Boy Pocket,$32.41,$22.69
"Toys, Hobbies & Gaming",System: Nintendo GameCube,$59.17,$41.42
"Toys, Hobbies & Gaming",System: Nintendo NES,$51.11,$35.78
"Toys, Hobbies & Gaming",System: Nintendo Super,$51.45,$36.02
"Toys, Hobbies & Gaming",System: PlayStation,$51.11,$35.78
"Toys, Hobbies & Gaming",System: PlayStation 2,$58.31,$40.82
"Toys, Hobbies & Gaming",System: PSP,$52.60,$36.82
"Toys, Hobbies & Gaming",System: Sega Dreamcast,$52.30,$36.61
"Toys, Hobbies & Gaming",System: Sega Game Gear,$31.72,$22.20
"Toys, Hobbies & Gaming",System: Sega Genesis,$38.59,$27.01
"Toys, Hobbies & Gaming",System: Sega Saturn,$35.16,$24.61
"Toys, Hobbies & Gaming",System: Xbox,$65.52,$45.86
"Toys, Hobbies & Gaming",Telescope,$49.69,$34.78
"Toys, Hobbies & Gaming",Tinker Toys: Junior,$9.43,$6.60
"Toys, Hobbies & Gaming",Tinker Toys: Original,$10.49,$7.34
"Toys, Hobbies & Gaming",Toy Box,$21.80,$15.26
"Toys, Hobbies & Gaming",Tricycle,$20.23,$14.16
"Toys, Hobbies & Gaming",View-Master,$7.95,$5.57
"Toys, Hobbies & Gaming",Wagon,$27.61,$19.33
"Toys, Hobbies & Gaming",Walkie Talkies (Pair),$13.87,$9.71
"Toys, Hobbies & Gaming",Water Gun,$5.82,$4.07
"Toys, Hobbies & Gaming",Wooden Block Set,$12.43,$8.70
"Toys, Hobbies & Gaming",Wooden Train Set,$14.80,$10.36
"Toys, Hobbies & Gaming",World Globe,$7.72,$5.40
"Toys, Hobbies & Gaming",Xbox: AV Cable,$5.81,$4.07
"Toys, Hobbies & Gaming",Xbox: Controller,$17.48,$12.24
"Toys, Hobbies & Gaming",Xbox: DVD Movie Playback,$9.03,$6.32
"Toys, Hobbies & Gaming",Xbox: Memory Card,$9.91,$6.94
"Toys, Hobbies & Gaming",Xbox: Starter Kit,$20.68,$14.48
"Toys, Hobbies & Gaming",Xbox: Wireless Controller,$17.49,$12.24
"Toys, Hobbies & Gaming",Yarn,$1.65,$1.16
"Toys, Hobbies & Gaming",Yo-Yo,$5.90,$4.13