name,ein,category,website,description
KAISER FOUNDATION HEALTH PLAN INC,941340523,Health,,Health organization with annual revenue of approximately $75101M
KAISER FOUNDATION HOSPITALS,941105628,Health,,Health organization with annual revenue of approximately $32787M
UPMC,208295721,Other,,Other organization with annual revenue of approximately $24322M
MASS GENERAL BRIGHAM INCORPORATED AND AFFILIATES GROUP RTN,900656139,Health,,Health organization with annual revenue of approximately $23474M
FIDELITY INVESTMENTS CHARITABLE GIFT FUND,110303001,Human Services,,Human Services organization with annual revenue of approximately $18985M
NATIONAL PHILANTHROPIC TR,237825575,Human Services,,Human Services organization with annual revenue of approximately $15875M
CLEVELAND CLINIC FOUNDATION,912153073,Health,,Health organization with annual revenue of approximately $15603M
MAYO CLINIC GROUP RETURN,383952644,Health,,Health organization with annual revenue of approximately $13970M
BATTELLE MEMORIAL INSTITUTE,314379427,Research,,Research organization with annual revenue of approximately $13349M
HEALTHFIRST PHSP INC,133783732,Health,,Health organization with annual revenue of approximately $12085M
NEW YORK UNIVERSITY,135562308,Education,,Education organization with annual revenue of approximately $11618M
DIGNITY HEALTH,941196203,Health,,Health organization with annual revenue of approximately $11265M
TRUSTEES OF THE UNIVERSITY OF PENNSYLVANIA,231352685,Education,,Education organization with annual revenue of approximately $10747M
THRIVENT FINANCIAL FOR LUTHERANS,390123480,Other,,Other organization with annual revenue of approximately $10636M
JOHNS HOPKINS UNIVERSITY,520595110,Education,,Education organization with annual revenue of approximately $10496M
COREWELL HEALTH,611740292,Health,,Health organization with annual revenue of approximately $10374M
THE NEW YORK AND PRESBYTERIAN HOSPITAL,133957095,Health,,Health organization with annual revenue of approximately $10254M
NORTHWESTERN MEMORIAL HEALTHCARE,364724966,Health,,Health organization with annual revenue of approximately $10054M
PROVIDENCE HEALTH & SERVICES WASHINGTON,510216586,Health,,Health organization with annual revenue of approximately $9778M
DONOR ADVISED CHARITABLE GIVING,311640316,Human Services,,Human Services organization with annual revenue of approximately $9661M
IHC HEALTH SERVICES INC,942854057,Health,,Health organization with annual revenue of approximately $9638M
THE BOARD OF TRUSTEES OF THE LELAND STANFORD JUNIOR UNIVERSITY,941156365,Education,,Education organization with annual revenue of approximately $9541M
BANNER HEALTH,450233470,Health,,Health organization with annual revenue of approximately $9479M
NYU LANGONE HOSPITALS,133971298,Health,,Health organization with annual revenue of approximately $9453M
THE CLEVELAND CLINIC FOUNDATION,340714585,Health,,Health organization with annual revenue of approximately $8958M
BON SECOURS MERCY HEALTH INC,521301088,Health,,Health organization with annual revenue of approximately $8710M
MEMORIAL HERMANN HEALTH SYSTEM,741152597,Health,,Health organization with annual revenue of approximately $8526M
CARESOURCE OHIO INC,311143265,Health,,Health organization with annual revenue of approximately $8525M
STANFORD HEALTH CARE 227,946174066,Health,,Health organization with annual revenue of approximately $8049M
NORTHSIDE HOSPITAL INC,581954432,Health,,Health organization with annual revenue of approximately $7769M
VANDERBILT UNIVERSITY MEDICAL CENTER,352528741,Health,,Health organization with annual revenue of approximately $7706M
PRESIDENT AND FELLOWS OF HARVARD COLLEGE,042103580,Education,,Education organization with annual revenue of approximately $7654M
HACKENSACK MERIDIAN HEALTH INC,010649794,Health,,Health organization with annual revenue of approximately $7466M
MEMORIAL SLOAN-KETTERING CANCER CENTER,912154267,Health,,Health organization with annual revenue of approximately $7462M
MAYO CLINIC,416011702,Health,,Health organization with annual revenue of approximately $7424M
TRUSTEES OF COLUMBIA UNIVERSITY,135598093,Education,,Education organization with annual revenue of approximately $7314M
EMORY UNIVERSITY,580566256,Education,,Education organization with annual revenue of approximately $7310M
RWJ BARNABAS HEALTH INC,851296795,Health,,Health organization with annual revenue of approximately $7072M
ADVENTIST HEALTH SYSTEM SUNBELT INC,591479658,Health,,Health organization with annual revenue of approximately $7068M
ADVOCATE HEALTH AND HOSPITALS CORPORATION,362169147,Health,,Health organization with annual revenue of approximately $6903M
YALE UNIVERSITY,060646973,Education,,Education organization with annual revenue of approximately $6841M
AURORA HEALTH CARE INC,611649250,Other,,Other organization with annual revenue of approximately $6782M
BJC HEALTH SYSTEM,753052953,Health,,Health organization with annual revenue of approximately $6738M
CORNELL UNIVERSITY,150532082,Education,,Education organization with annual revenue of approximately $6551M
UNIVERSITY OF MIAMI,590624458,Education,,Education organization with annual revenue of approximately $6488M
VANGUARD CHARITABLE ENDOWMENT PROGRAM,232888152,Human Services,,Human Services organization with annual revenue of approximately $6410M
GLOBAL FUND TO FIGHT AIDS TUBERCULOSIS AND MALARIA,980380092,Health,,Health organization with annual revenue of approximately $6311M
UCARE MINNESOTA,363573805,Health,,Health organization with annual revenue of approximately $6156M
DELTA DENTAL OF CALIFORNIA,941461312,Health,,Health organization with annual revenue of approximately $6137M
HEALTHFIRST HEALTH PLAN INC,113029569,Other,,Other organization with annual revenue of approximately $5911M
UNIVERSITY OF ROCHESTER,160743209,Education,,Education organization with annual revenue of approximately $5909M
KAISER FOUNDATION HEALTH PLAN OF THE MID ATLANTIC STATES INC,520954463,Health,,Health organization with annual revenue of approximately $5884M
MASSACHUSETTS INSTITUTE OF TECHNOLOGY,042103594,Education,,Education organization with annual revenue of approximately $5855M
DUKE UNIVERSITY HEALTH SYSTEM INC,562070036,Health,,Health organization with annual revenue of approximately $5766M
INDIANA UNIVERSITY HEALTH INC,351955872,Health,,Health organization with annual revenue of approximately $5752M
SANFORD,453791176,Other,,Other organization with annual revenue of approximately $5738M
GOVERNMENT EMPLOYEES HEALTH ASSOCIATION INC,440545275,Other,,Other organization with annual revenue of approximately $5736M
INOVA HEALTH CARE SERVICES,540620889,Health,,Health organization with annual revenue of approximately $5667M
HIGHMARK HEALTH,821406555,Other,,Other organization with annual revenue of approximately $5620M
UNIVERSITY OF SOUTHERN CALIFORNIA,951642394,Education,,Education organization with annual revenue of approximately $5575M
PROVIDENCE HEALTH & SERVICES OREGON,510216587,Health,,Health organization with annual revenue of approximately $5465M
PRIORITY HEALTH,382715520,Other,,Other organization with annual revenue of approximately $5417M
ALLINA HEALTH SYSTEM,363261413,Health,,Health organization with annual revenue of approximately $5383M
OCHSNER CLINIC FOUNDATION,720502505,Health,,Health organization with annual revenue of approximately $5368M
HEALTH INSURANCE PLAN OF GREATER NEW YORK,131828429,Health,,Health organization with annual revenue of approximately $5316M
UNIVERSITY HOSPITALS HEALTH SYSTEM INC,900059117,Health,,Health organization with annual revenue of approximately $5286M
CEDARS-SINAI MEDICAL CENTER,951644600,Health,,Health organization with annual revenue of approximately $5280M
SENTARA HEALTH PLANS,541283337,Health,,Health organization with annual revenue of approximately $5248M
METROPLUS HEALTH PLAN INC,134115686,Health,,Health organization with annual revenue of approximately $5218M
WASHINGTON UNIVERSITY,430653611,Education,,Education organization with annual revenue of approximately $5204M
BOSTON MEDICAL CENTER HEALTH PLAN INC,043373331,Health,,Health organization with annual revenue of approximately $5196M
SUTTER BAY HOSPITALS,940562680,Health,,Health organization with annual revenue of approximately $5162M
KAISER FOUNDATION HEALTH PLAN OF THE NORTHWEST,930798039,Health,,Health organization with annual revenue of approximately $5118M
OHIOHEALTH CORPORATION GRANT RIVERSIDE DOCTORS DUBLIN MET,314394942,Health,,Health organization with annual revenue of approximately $5060M
MONTEFIORE MEDICAL CENTER,131740114,Health,,Health organization with annual revenue of approximately $5057M
FEEDING AMERICA,363673599,Human Services,,Human Services organization with annual revenue of approximately $5047M
ECMC GROUP INC,411991995,Education,,Education organization with annual revenue of approximately $5041M
CENTRAL STATES SOUTHEAST & SOUTHWEST AREAS HEALTH & WELFARE F,362154936,Other,,Other organization with annual revenue of approximately $5014M
SCAN HEALTH PLAN,953858259,Health,,Health organization with annual revenue of approximately $4939M
UNIVERSITY OF CHICAGO,362177139,Education,,Education organization with annual revenue of approximately $4888M
SCRIPPS HEALTH,951684089,Health,,Health organization with annual revenue of approximately $4869M
ORLANDO HEALTH INC,591726273,Health,,Health organization with annual revenue of approximately $4827M
ADVANCED TECHNOLOGY INTERNATIONAL,571067151,Research,,Research organization with annual revenue of approximately $4825M
MERCY CARE,860527381,Other,,Other organization with annual revenue of approximately $4809M
FAIRVIEW HEALTH SERVICES,410991680,Health,,Health organization with annual revenue of approximately $4707M
SUTTER VALLEY HOSPITALS,941156621,Health,,Health organization with annual revenue of approximately $4658M
SELECTHEALTH INC,870409820,Health,,Health organization with annual revenue of approximately $4594M
ASTRAZENECA PATIENT ASSISTANCE ORGANIZATION,562591004,Health,,Health organization with annual revenue of approximately $4586M
YALE NEW HAVEN HOSPITAL,060646652,Health,,Health organization with annual revenue of approximately $4571M
MULTICARE HEALTH SYSTEM,911352172,Health,,Health organization with annual revenue of approximately $4500M
HENRY FORD HEALTH SYSTEM,381357020,Health,,Health organization with annual revenue of approximately $4495M
BLUE CARE NETWORK OF MICHIGAN,382359234,Health,,Health organization with annual revenue of approximately $4483M
DUKE UNIVERSITY,560532129,Education,,Education organization with annual revenue of approximately $4479M
BAPTIST HEALTHCARE SYSTEM INC,610444707,Health,,Health organization with annual revenue of approximately $4336M
KAISER FOUNDATION HEALTH PLAN OF COLORADO,840591617,Health,,Health organization with annual revenue of approximately $4289M
ATLANTIC HEALTH SYSTEM INC,651301877,Other,,Other organization with annual revenue of approximately $4238M
KAISER FOUNDATION HEALTH PLAN OF WASHINGTON,910511770,Health,,Health organization with annual revenue of approximately $4197M
NORTHWESTERN UNIVERSITY,362167817,Human Services,,Human Services organization with annual revenue of approximately $4177M
CALIFORNIA INSTITUTE OF TECHNOLOGY,951643307,Education,,Education organization with annual revenue of approximately $4165M
ICAHN SCHOOL OF MEDICINE AT MOUNT SINAI,136171197,Education,,Education organization with annual revenue of approximately $4161M
UMASS MEMORIAL HEALTH CARE INC,912155626,Health,,Health organization with annual revenue of approximately $4157M
LONG ISLAND JEWISH MEDICAL CENTER,112241326,Health,,Health organization with annual revenue of approximately $4140M
A MAINEHEALTH HCSR,010238552,Health,,Health organization with annual revenue of approximately $4114M
EMORY,900790361,Education,,Education organization with annual revenue of approximately $4083M
NOVANT HEALTH INC,561376950,Health,,Health organization with annual revenue of approximately $4015M
SENTARA HOSPITALS,541547408,Health,,Health organization with annual revenue of approximately $3993M
MOUNT SINAI HOSPITAL,131624096,Health,,Health organization with annual revenue of approximately $3946M
METHODIST HOSPITAL GROUP,352410801,Other,,Other organization with annual revenue of approximately $3927M
OSF HEALTHCARE SYSTEM,370813229,Health,,Health organization with annual revenue of approximately $3909M
NATIONWIDE CHILDRENS HOSPITAL,010782751,Other,,Other organization with annual revenue of approximately $3887M
DIGNITY COMMUNITY CARE,815009488,Health,,Health organization with annual revenue of approximately $3865M
THE CHILDRENS HOSPITAL OF PHILADELPHIA,231352166,Health,,Health organization with annual revenue of approximately $3858M
TEXAS CHILDRENS HOSPITAL,741100555,Health,,Health organization with annual revenue of approximately $3843M
AMERICAN NATIONAL RED CROSS,530196605,Human Services,,Human Services organization with annual revenue of approximately $3804M
NORTH SHORE UNIVERSITY HOSPITAL,111562701,Health,,Health organization with annual revenue of approximately $3693M
CHANCELLOR MASTERS & SCHOLARS OF THE UNIVERSITY OF OXFORD,986001062,Other,,Other organization with annual revenue of approximately $3629M
PEACEHEALTH,910939479,Health,,Health organization with annual revenue of approximately $3623M
FRANCISCAN ALLIANCE INC,351330472,Health,,Health organization with annual revenue of approximately $3539M
WALMART INC ASSOCIATES HEALTH AND WELFARE PLAN,710569421,Other,,Other organization with annual revenue of approximately $3525M
SUTTER BAY MEDICAL FOUNDATION,941156581,Health,,Health organization with annual revenue of approximately $3512M
DANA-FARBER CANCER INSTITUTE,042263040,Health,,Health organization with annual revenue of approximately $3471M
COMMONSPIRIT HEALTH,470617373,Health,,Health organization with annual revenue of approximately $3443M
CHILDRENS HOSPITAL MEDICAL CENTER,310833936,Health,,Health organization with annual revenue of approximately $3426M
UNIVERSITY OF PITTSBURGH,250965591,Education,,Education organization with annual revenue of approximately $3425M
GOVERNING COUNCIL OF THE UNIVERSITY OF TORONTO,986001141,Other,,Other organization with annual revenue of approximately $3393M
THE JOHNS HOPKINS HOSPITAL,520591656,Health,,Health organization with annual revenue of approximately $3385M
HEALTH SHARE OF OREGON,455093195,Health,,Health organization with annual revenue of approximately $3361M
HEALTHPARTNERS INC,411693838,Other,,Other organization with annual revenue of approximately $3345M
UNIVERSITY OF NOTRE DAME DU LAC,350868188,Education,,Education organization with annual revenue of approximately $3322M
ASCENSION SETON,741109643,Other,,Other organization with annual revenue of approximately $3309M
CATHOLIC HEALTH INITIATIVES COLORADO,840405257,Health,,Health organization with annual revenue of approximately $3295M
HMO MINNESOTA,416173747,Other,,Other organization with annual revenue of approximately $3285M
TRINITY HEALTH-MICHIGAN,382113393,Health,,Health organization with annual revenue of approximately $3277M
THE METHODIST HOSPITAL,741180155,Health,,Health organization with annual revenue of approximately $3273M
TRUSTEES OF BOSTON UNIVERSITY,042103547,Other,,Other organization with annual revenue of approximately $3257M
PRISMA HEALTH - UPSTATE,811723202,Health,,Health organization with annual revenue of approximately $3231M
LEHIGH VALLEY HOSPITAL,231689692,Health,,Health organization with annual revenue of approximately $3224M
GEISINGER HEALTH PLAN,232311553,Other,,Other organization with annual revenue of approximately $3214M
UNIVERSITY OF CHICAGO MEDICAL CENTER,363488183,Health,,Health organization with annual revenue of approximately $3211M
GS DONOR ADVISED PHILANTHROPY FUND FOR WEALTH MANAGEMENT INC,311774905,Human Services,,Human Services organization with annual revenue of approximately $3183M
CHILDRENS HOSPITAL CORPORATION,042774441,Health,,Health organization with annual revenue of approximately $3165M
FLORIDA HEALTH SCIENCES CENTER INC,593458145,Health,,Health organization with annual revenue of approximately $3155M
BETH ISRAEL DEACONESS MEDICAL CENTER INC,042103881,Health,,Health organization with annual revenue of approximately $3139M
PRINCETON UNIVERSITY,210634501,Education,,Education organization with annual revenue of approximately $3096M
TEXAS CHILDRENS HEALTH PLAN INC,760486264,Health,,Health organization with annual revenue of approximately $3088M
CHANCELLOR MASTERS AND SCHOLARS OF THE UNIVERSITY OF CAMBRIDGE,131599108,Other,,Other organization with annual revenue of approximately $3074M
A D F COMMUNITY OUTREACH FOUNDATION INC,262437544,Human Services,,Human Services organization with annual revenue of approximately $3071M
GOOD360,541282616,International,,International organization with annual revenue of approximately $3062M
CHRISTIANA CARE HEALTH SERVICES INC,510103684,Health,,Health organization with annual revenue of approximately $3050M
MEMORIAL HEALTH SERVICES GROUP RETURN,352391110,Health,,Health organization with annual revenue of approximately $3047M
ALBANY MEDICAL CENTER GROUP ORGANIZATION,473869194,Other,,Other organization with annual revenue of approximately $3043M
MVP HEALTH PLAN INC,141640868,Other,,Other organization with annual revenue of approximately $3039M
SWEDISH HEALTH SERVICES,910433740,Health,,Health organization with annual revenue of approximately $3005M
RUSH UNIVERSITY MEDICAL CENTER,362174823,Health,,Health organization with annual revenue of approximately $3000M
NORTON HOSPITALS INC,610703799,Health,,Health organization with annual revenue of approximately $2999M
NORTHEASTERN UNIVERSITY,041679980,Education,,Education organization with annual revenue of approximately $2982M
NORTH CAROLINA BAPTIST HOSPITAL,560552787,Health,,Health organization with annual revenue of approximately $2974M
CITY OF HOPE NATIONAL MEDICAL CENTER,951683875,Health,,Health organization with annual revenue of approximately $2947M
HONORHEALTH,860181654,Health,,Health organization with annual revenue of approximately $2937M
AMERICAN LEBANESE SYRIAN ASSOC CHAR INC,351044585,Religion,,Religion organization with annual revenue of approximately $2895M
INTERNATIONAL COMMITTEE OF THE RED CROSS,986001029,International,,International organization with annual revenue of approximately $2869M
TRINITY HEALTH CORPORATION,351443425,Health,,Health organization with annual revenue of approximately $2853M
MILTONS S HERSHEY MEDICAL CENTER,251854772,Health,,Health organization with annual revenue of approximately $2851M
NOVO HOLDINGS A-S,980571483,Human Services,,Human Services organization with annual revenue of approximately $2825M
BOEING COMPANY VEBA MASTER TRUST,113601529,Human Services,,Human Services organization with annual revenue of approximately $2823M
BANKAMERICA GROUP BENEFITS PROGRAM TR,957055654,Human Services,,Human Services organization with annual revenue of approximately $2819M
LUCILE SALTER PACKARD CHILDRENS HOSPITAL AT STANFORD,770003859,Health,,Health organization with annual revenue of approximately $2778M
FROEDTERT THEDACARE HEALTH INC,392014409,Health,,Health organization with annual revenue of approximately $2769M
BAYLOR COLLEGE OF MEDICINE,741613878,Education,,Education organization with annual revenue of approximately $2756M
ST LUKES REGIONAL MEDICAL CENTER,820161600,Health,,Health organization with annual revenue of approximately $2744M
FRESNO COMMUNITY HOSPITAL AND MEDICAL CENTER,941156276,Health,,Health organization with annual revenue of approximately $2742M
TUFTS ASSOCIATED HEALTH MAINTENANCE ORGANIZATION INC,042674079,Other,,Other organization with annual revenue of approximately $2738M
UNIVERSITY OF BRITISH COLUMBIA,986001255,Education,,Education organization with annual revenue of approximately $2716M
BOY SCOUTS OF AMERICA,221576300,Human Services,,Human Services organization with annual revenue of approximately $2702M
FROEDTERT MEMORIAL LUTHERAN HOSPITAL INC,396105970,Health,,Health organization with annual revenue of approximately $2686M
HARTFORD HOSPITAL,060646668,Health,,Health organization with annual revenue of approximately $2659M
UNIVERSITY HEALTH NETWORK,986000971,Other,,Other organization with annual revenue of approximately $2656M
SHANDS TEACHING HOSPITAL AND CLINICS INC,591943502,Health,,Health organization with annual revenue of approximately $2654M
BAPTIST HOSPITAL OF MIAMI INC,590910342,Health,,Health organization with annual revenue of approximately $2645M
SOUTHERN BAPTIST HOSPITAL OF FLORIDA INC,590747311,Health,,Health organization with annual revenue of approximately $2644M
THOMAS JEFFERSON UNIVERSITY HOSPITAL,232829095,Health,,Health organization with annual revenue of approximately $2643M
UC HEALTHCARE SYSTEM,273850988,Health,,Health organization with annual revenue of approximately $2631M
GAVI ALLIANCE,980593375,International,,International organization with annual revenue of approximately $2630M
STATE CHARTERED CREDIT UNIONS INC,560475645,Other,,Other organization with annual revenue of approximately $2616M
BOSTON MEDICAL CENTER CORPORATION,043314093,Health,,Health organization with annual revenue of approximately $2600M
PRAIRIE MEADOWS RACE TRACK & CASINO INC,421244913,Other,,Other organization with annual revenue of approximately $2595M
UAW RETIREE MEDICAL BENEFITS TR,900424876,Human Services,,Human Services organization with annual revenue of approximately $2584M
VANDERBILT UNIVERSITY,620476822,Education,,Education organization with annual revenue of approximately $2567M
COMMONWEALTH CARE ALLIANCE INC,043756900,Health,,Health organization with annual revenue of approximately $2562M
CHILDRENS HEALTHCARE OF ATLANTA INC,900779996,Health,,Health organization with annual revenue of approximately $2550M
WELLSTAR HEALTH SYSTEM INC,581649541,Health,,Health organization with annual revenue of approximately $2548M
CARESOURCE,311703368,Health,,Health organization with annual revenue of approximately $2546M
WELLS FARGO & COMPANY EMPLOYEE BENEFIT TRUST,411340042,Other,,Other organization with annual revenue of approximately $2546M
HEALTH PARTNERS PLANS INC,232379751,Other,,Other organization with annual revenue of approximately $2533M
AT&T VEBA TRUST,431491162,Other,,Other organization with annual revenue of approximately $2486M
CAREOREGON INC,930933975,Health,,Health organization with annual revenue of approximately $2483M
TUFTS HEALTH PUBLIC PLANS INC,800721489,Human Services,,Human Services organization with annual revenue of approximately $2470M
NORTHWELL HEALTHCARE INC,112965586,Health,,Health organization with annual revenue of approximately $2459M
THE CHICAGO COMMUNITY TRUST,362167000,Human Services,,Human Services organization with annual revenue of approximately $2455M
PROVIDENCE HEALTH PLAN,930863097,Other,,Other organization with annual revenue of approximately $2454M
NATIONAL CHRISTIAN CHARITABLE FOUNDATION INC,581493949,Human Services,,Human Services organization with annual revenue of approximately $2442M
CHILDRENS HEALTH SYSTEM OF TEXAS,750800628,Health,,Health organization with annual revenue of approximately $2436M
JPMORGAN CHASE VEBA TRUST FOR ACTIVE EMPLOYEES,133093382,Human Services,,Human Services organization with annual revenue of approximately $2419M
KAISER FOUNDATION HEALTH PLAN OF GEORGIA INC,581592076,Health,,Health organization with annual revenue of approximately $2416M
ASCENSION HEALTH ALLIANCE,453358926,Other,,Other organization with annual revenue of approximately $2404M
UNIVERSITY OF MARYLAND MEDICAL SYSTEM CORPORATION,521362793,Health,,Health organization with annual revenue of approximately $2390M
PRESBYTERIAN HEALTHCARE SERVICES,850105601,Health,,Health organization with annual revenue of approximately $2386M
DIRECT RELIEF,951831116,International,,International organization with annual revenue of approximately $2383M
THE MITRE CORPORATION,042239742,Research,,Research organization with annual revenue of approximately $2372M
UNIVERSITY OF VERMONT MEDICAL CENTER INC,030219309,Health,,Health organization with annual revenue of approximately $2367M
GRADY MEMORIAL HOSPITAL CORPORATION,262037695,Health,,Health organization with annual revenue of approximately $2356M
VNS CHOICE,133951057,Health,,Health organization with annual revenue of approximately $2337M
SEATTLE CHILDRENS HOSPITAL,910564748,Health,,Health organization with annual revenue of approximately $2334M
RIVERSIDE HEALTHCARE ASSOCIATION INC,901000718,Other,,Other organization with annual revenue of approximately $2321M
COOPER HEALTH SYSTEM A NEW JERSEY NON-PROFIT CORPORATION,210634462,Health,,Health organization with annual revenue of approximately $2311M
TEMPLE UNIVERSITY HOSPITAL INC,232825878,Health,,Health organization with annual revenue of approximately $2309M
THE MOSES H CONE MEMORIAL HOSPITAL OPERATING CORPORATION,581588823,Health,,Health organization with annual revenue of approximately $2307M
THE NEBRASKA MEDICAL CENTER,911858433,Health,,Health organization with annual revenue of approximately $2303M
RHODE ISLAND HOSPITAL,050258954,Health,,Health organization with annual revenue of approximately $2296M
AIDS HEALTHCARE FOUNDATION,954112121,Human Services,,Human Services organization with annual revenue of approximately $2291M
H LEE MOFFITT CANCER CENTER AND RESEARCH INSTITUTE HOSPITAL INC,593238634,Health,,Health organization with annual revenue of approximately $2266M
MARY HITCHCOCK MEMORIAL HOSPITAL,020222140,Health,,Health organization with annual revenue of approximately $2263M
NORTHWESTERN MEMORIAL HEALTHCARE,363152959,Health,,Health organization with annual revenue of approximately $2259M
HARVARD PILGRIM HEALTH CARE INC,042452600,Health,,Health organization with annual revenue of approximately $2234M
COOK CHILDRENS MEDICAL CENTER,752051646,Health,,Health organization with annual revenue of approximately $2221M
1199 NATIONAL BENEFIT FUND FOR HOSPITAL & HUMAN SERVICE EMPLOYEES,131628401,Human Services,,Human Services organization with annual revenue of approximately $2193M
COMMUNITY HEALTH NETWORK INC,350983617,Health,,Health organization with annual revenue of approximately $2181M
NORTHSHORE UNIVERSITY HEALTHSYSTEM,362167060,Health,,Health organization with annual revenue of approximately $2171M
PROVIDENCE HEALTH SYSTEM-SOUTHERN CALIFORNIA,510216589,Health,,Health organization with annual revenue of approximately $2169M
OHIOHEALTH CORPORATION,320007056,Health,,Health organization with annual revenue of approximately $2168M
KECK MEDICAL CENTER OF USC,851644866,Health,,Health organization with annual revenue of approximately $2162M
SSM HEALTH CARE ST LOUIS,431343281,Health,,Health organization with annual revenue of approximately $2154M
HH MEDSTAR HEALTH INC,521542230,Health,,Health organization with annual revenue of approximately $2143M
TEMPUS UNLIMITED INC,042239746,Health,,Health organization with annual revenue of approximately $2127M
PITT COUNTY MEMORIAL HOSPITAL INC,560585243,Health,,Health organization with annual revenue of approximately $2119M
NORTHEAST GEORGIA MEDICAL CENTER INC,581694098,Health,,Health organization with annual revenue of approximately $2114M
WEST VIRGINIA UNIVERSITY HOSPITALS INC,550643304,Health,,Health organization with annual revenue of approximately $2105M
GEORGETOWN UNIVERSITY,530196603,Education,,Education organization with annual revenue of approximately $2087M
THE NEMOURS FOUNDATION,590634433,Health,,Health organization with annual revenue of approximately $2085M
METHODIST HOSPITALS OF DALLAS,750800661,Health,,Health organization with annual revenue of approximately $2080M
KENNESTONE HOSPITAL INC,582032904,Health,,Health organization with annual revenue of approximately $2079M
CHILDRENS MERCY HOSPITAL,440605373,Health,,Health organization with annual revenue of approximately $2076M
AMERICAN ONLINE GIVING FOUNDATION INC,810739440,Human Services,,Human Services organization with annual revenue of approximately $2070M
WAKEMED,566017737,Health,,Health organization with annual revenue of approximately $2067M
MASS GENERAL BRIGHAM INCORPORATED,043230035,Health,,Health organization with annual revenue of approximately $2053M
HARVARD MANAGEMENT PRIVATE EQUITY CORPORATION,043070522,Education,,Education organization with annual revenue of approximately $2052M
BON SECOURS RICHMOND HEALTH SYSTEM,521988421,Health,,Health organization with annual revenue of approximately $2045M
CAPITAL DISTRICT PHYSICIANS HEALTH PLAN INC,141641028,Other,,Other organization with annual revenue of approximately $2035M
FRED HUTCHINSON CANCER CENTER,911935159,Health,,Health organization with annual revenue of approximately $2027M
SUTTER VALLEY MEDICAL FOUNDATION,680273974,Health,,Health organization with annual revenue of approximately $2012M
ST JUDE CHILDRENS RESEARCH HOSPITAL INC,620646012,Health,,Health organization with annual revenue of approximately $2009M
NATIONAL RURAL UTILITIES COOPERATIVE FINANCE CORP,520891669,Other,,Other organization with annual revenue of approximately $2006M
CARNEGIE MELLON UNIVERSITY,250969449,Other,,Other organization with annual revenue of approximately $2003M
PARK NICOLLET,455023260,Other,,Other organization with annual revenue of approximately $2002M
AMERICARES FOUNDATION INC,061008595,International,,International organization with annual revenue of approximately $1998M
BAYLOR UNIVERSITY MEDICAL CENTER,751837454,Health,,Health organization with annual revenue of approximately $1994M
CARILION MEDICAL CENTER,540506332,Health,,Health organization with annual revenue of approximately $1983M
MODERN WOODMEN OF AMERICA,361493430,Other,,Other organization with annual revenue of approximately $1973M
BANNER UNIVERSITY FAMILY CARE,463766901,Other,,Other organization with annual revenue of approximately $1971M
PRESBYTERIAN HOSPITAL,560554230,Health,,Health organization with annual revenue of approximately $1961M
SMITHSONIAN INSTITUTE,530206027,Arts & Culture,,Arts & Culture organization with annual revenue of approximately $1955M
LENOX HILL HOSPITAL,131624070,Health,,Health organization with annual revenue of approximately $1952M
METHODIST HEALTHCARE-MEMPHIS,620479367,Health,,Health organization with annual revenue of approximately $1936M
PARKVIEW HOSPITAL INC,350868085,Health,,Health organization with annual revenue of approximately $1934M
ST ELIZABETH MEDICAL CENTER INC,610445850,Health,,Health organization with annual revenue of approximately $1922M
GEORGE WASHINGTON UNIVERSITY,530196584,Education,,Education organization with annual revenue of approximately $1912M
MDWISE MEDICAID NETWORK INC,473192307,Health,,Health organization with annual revenue of approximately $1907M
COMMUNITY HEALTH CHOICE TEXAS INC,814077507,Other,,Other organization with annual revenue of approximately $1905M
OUR LADY OF THE LAKE HOSPITAL INC,720423651,Health,,Health organization with annual revenue of approximately $1901M
MORGAN STANLEY GLOBAL IMPACT FUNDING TRUST INC,527082731,Human Services,,Human Services organization with annual revenue of approximately $1884M
CHILDRENS HOSPITAL COLORADO,840166760,Health,,Health organization with annual revenue of approximately $1884M
NEIGHBORHOOD HEALTH PLAN OF RHODE ISLAND,050477052,Health,,Health organization with annual revenue of approximately $1883M
SUTTER HEALTH,942788907,Health,,Health organization with annual revenue of approximately $1882M
MERCY HOSPITALS EAST COMMUNITIES,430653493,Health,,Health organization with annual revenue of approximately $1879M
GEISINGER MEDICAL CENTER,240795959,Health,,Health organization with annual revenue of approximately $1878M
GRAND CANYON UNIVERSITY,472507725,Education,,Education organization with annual revenue of approximately $1870M
ADVENTIST HEALTH SYSTEM SUNBELT HEALTHCARE CORPORATION,592170012,Health,,Health organization with annual revenue of approximately $1862M
SHRINERS HOSPITALS FOR CHILDREN,362193608,Health,,Health organization with annual revenue of approximately $1843M
HOAG MEMORIAL HOSPITAL PRESBYTERIAN,951643327,Health,,Health organization with annual revenue of approximately $1843M
HAWAII PACIFIC HEALTH GROUP RETURN,383835105,Other,,Other organization with annual revenue of approximately $1838M
LOMA LINDA UNIVERSITY MEDICAL CENTER INC,953522679,Health,,Health organization with annual revenue of approximately $1837M
LESTER E COX MEDICAL CENTER,440577118,Health,,Health organization with annual revenue of approximately $1830M
PGA TOUR INC,520999206,Other,,Other organization with annual revenue of approximately $1828M
FRANCISCAN HEALTH SYSTEM,910564491,Health,,Health organization with annual revenue of approximately $1821M
BAYSTATE MEDICAL CENTER INC,042790311,Health,,Health organization with annual revenue of approximately $1815M
MDWISE INC,351931354,Other,,Other organization with annual revenue of approximately $1812M
LIBERTY UNIVERSITY INC,540946734,Education,,Education organization with annual revenue of approximately $1802M
THE ADMINISTRATORS OF THE TULANE EDUCATIONAL FUND,720423889,Education,,Education organization with annual revenue of approximately $1798M
BUILDING SERVICE 32BJ HEALTH FUND,132928869,Human Services,,Human Services organization with annual revenue of approximately $1795M
SCOTT & WHITE MEMORIAL HOSPITAL,741166904,Health,,Health organization with annual revenue of approximately $1794M
JOHN MUIR HEALTH,941461843,Health,,Health organization with annual revenue of approximately $1776M
PRISMA HEALTH-MIDLANDS,582296052,Health,,Health organization with annual revenue of approximately $1774M
GOTHIC CORPORATION,561776668,Education,,Education organization with annual revenue of approximately $1766M
MASS GENERAL BRIGHAM HEALTH PLAN INC,042932021,Health,,Health organization with annual revenue of approximately $1763M
MICHIGAN CATASTROPHIC CLAIMS ASSOCIATION U S,382227794,Other,,Other organization with annual revenue of approximately $1760M
HOWARD HUGHES MEDICAL INSTITUTE,590735717,Health,,Health organization with annual revenue of approximately $1760M
SAINT FRANCIS HOSPITAL INC,730700090,Health,,Health organization with annual revenue of approximately $1760M
SHARP HEALTHCARE,956077327,Health,,Health organization with annual revenue of approximately $1758M
DELTA DENTAL OF WASHINGTON,910621480,Health,,Health organization with annual revenue of approximately $1755M
FALLON COMMUNITY HEALTH PLAN INC,237442369,Health,,Health organization with annual revenue of approximately $1751M
THE QUEENS MEDICAL CENTER,990073524,Health,,Health organization with annual revenue of approximately $1751M
ST JOSEPHS HOSPITAL INC,590774199,Health,,Health organization with annual revenue of approximately $1749M
YORK HOSPITAL,231352222,Health,,Health organization with annual revenue of approximately $1749M
MAIN LINE HOSPITALS INC,231352160,Health,,Health organization with annual revenue of approximately $1746M
GEISINGER CLINIC,236291113,Health,,Health organization with annual revenue of approximately $1746M
AARP,951985500,Human Services,,Human Services organization with annual revenue of approximately $1741M
RADY CHILDRENS HOSPITAL-SAN DIEGO,951691313,Health,,Health organization with annual revenue of approximately $1741M
REX HOSPITAL INC,561509260,Health,,Health organization with annual revenue of approximately $1733M
CHILDRENS HOSPITAL LOS ANGELES,951690977,Health,,Health organization with annual revenue of approximately $1730M
CHILDRENS HOSPITAL,530196580,Health,,Health organization with annual revenue of approximately $1718M
WASHINGTON HOSPITAL CENTER CORPORATION,521272129,Health,,Health organization with annual revenue of approximately $1714M
AVERA MCKENNAN,460224743,Health,,Health organization with annual revenue of approximately $1712M
RWJBH CORPORATE SERVICES INC,222405279,Health,,Health organization with annual revenue of approximately $1706M
TRUSTEES OF DARTMOUTH COLLEGE,020222111,Education,,Education organization with annual revenue of approximately $1704M
BAYADA HOME HEALTH CARE INC,231943113,Health,,Health organization with annual revenue of approximately $1698M
KALEIDA HEALTH,161533232,Health,,Health organization with annual revenue of approximately $1688M
PIEDMONT HEALTHCARE INC,580566213,Health,,Health organization with annual revenue of approximately $1685M
NEW YORK SOCIETY FOR THE RELIEF OF RUPTURED & CRIPPLED MAINTAINING,131624135,Health,,Health organization with annual revenue of approximately $1681M
CHARLESTON AREA MEDICAL CENTER INC,550526150,Health,,Health organization with annual revenue of approximately $1678M
MEDSTAR-GEORGETOWN MEDICAL CENTER INC,522218584,Health,,Health organization with annual revenue of approximately $1675M
MEMORIAL SLOAN-KETTERING CANCER CENTER,131924236,Health,,Health organization with annual revenue of approximately $1670M
SACRED HEART HEALTH SYSTEM INC,590634434,Health,,Health organization with annual revenue of approximately $1658M
LOYOLA UNIVERSITY MEDICAL CENTER,364015560,Health,,Health organization with annual revenue of approximately $1650M
LEXINGTON HEALTH INC,852276567,Health,,Health organization with annual revenue of approximately $1647M
BROWN UNIVERSITY OF PROVIDENCE,050258809,Human Services,,Human Services organization with annual revenue of approximately $1645M
WAKE FOREST UNIVERSITY HEALTH SCIENCES,223849199,Education,,Education organization with annual revenue of approximately $1642M
BOSTON COLLEGE TRUSTEES,042103545,Education,,Education organization with annual revenue of approximately $1638M
SCOTT AND WHITE HEALTH PLAN,742052197,Other,,Other organization with annual revenue of approximately $1632M
ST LUKES ROOSEVELT HOSPITAL CENTER,132997301,Health,,Health organization with annual revenue of approximately $1628M
MEMORIAL HEALTH SYSTEM,900756744,Other,,Other organization with annual revenue of approximately $1627M
LOUISIANA CHILDRENS MEDICAL CENTER,943480131,Health,,Health organization with annual revenue of approximately $1626M
LANCASTER GENERAL HOSPITAL,231365353,Health,,Health organization with annual revenue of approximately $1625M
MAIMONIDES MEDICAL CENTER-,111635081,Health,,Health organization with annual revenue of approximately $1624M
LOMA LINDA MERCANTILE,953858272,Health,,Health organization with annual revenue of approximately $1622M
HEALTH ALLIANCE PLAN OF MICHIGAN,382242827,Health,,Health organization with annual revenue of approximately $1621M
RAILROAD EMPLOYEES NATIONAL HEALTH AND WELFARE PLAN TRUST,521118310,Other,,Other organization with annual revenue of approximately $1620M
THOMAS JEFFERSON UNIVERSITY,231352651,Education,,Education organization with annual revenue of approximately $1613M
UPMC,251778644,Health,,Health organization with annual revenue of approximately $1611M
GUNDERSEN LUTHERAN MEDICAL CENTER INC,390813416,Health,,Health organization with annual revenue of approximately $1610M
CARESOURCE GEORGIA CO,472408339,Health,,Health organization with annual revenue of approximately $1608M
THE MEDICAL COLLEGE OF WISCONSIN INC,390806261,Education,,Education organization with annual revenue of approximately $1607M
CASE WESTERN RESERVE UNIVERSITY,341018992,Education,,Education organization with annual revenue of approximately $1607M
FINANCIAL INDUSTRY REGULATORY AUTHORITY INC,530088710,Other,,Other organization with annual revenue of approximately $1604M
TEMPLE UNIVERSITY-OF THE COMMONWEALTH SYSTEM OF HIGHER EDUC,231365971,Education,,Education organization with annual revenue of approximately $1604M
INDEPENDENT HEALTH ASSOCIATION INC,161080163,Health,,Health organization with annual revenue of approximately $1600M
SILICON VALLEY COMMUNITY FOUNDATION,205205488,Human Services,,Human Services organization with annual revenue of approximately $1598M
ELDERPLAN INC,112625096,Health,,Health organization with annual revenue of approximately $1594M
SHARP MEMORIAL HOSPITAL,953782169,Health,,Health organization with annual revenue of approximately $1590M
TOLEDO HOSPITAL,344428256,Health,,Health organization with annual revenue of approximately $1586M
WORLD VISION,951922279,International,,International organization with annual revenue of approximately $1583M
ROCHESTER GENERAL HOSPITAL,160743134,Health,,Health organization with annual revenue of approximately $1582M
NATIONWIDE CHILDRENS HOSPITAL INC,311429047,Health,,Health organization with annual revenue of approximately $1580M
BJC HEALTH SYSTEM,431617558,Health,,Health organization with annual revenue of approximately $1578M
ST LUKES HOSPITAL,231352213,Health,,Health organization with annual revenue of approximately $1563M
HENNEPIN HEALTHCARE SYSTEM INC,421707837,Health,,Health organization with annual revenue of approximately $1554M
MIAMI VALLEY HOSPITAL,310537504,Health,,Health organization with annual revenue of approximately $1552M
SUMMA HEALTH GROUP RETURN,900640432,Other,,Other organization with annual revenue of approximately $1547M
MHM SUPPORT SERVICES,202553101,Other,,Other organization with annual revenue of approximately $1540M
UNIVERSITY OF WESTERN ONTARIO,986001623,International,,International organization with annual revenue of approximately $1538M
WILLIS-KNIGHTON MEDICAL CENTER,720400933,Health,,Health organization with annual revenue of approximately $1535M
CHG FOUNDATION,330586911,Health,,Health organization with annual revenue of approximately $1530M
INTERNATIONAL RESCUE COMMITTEE INC,135660870,International,,International organization with annual revenue of approximately $1529M
ANN & ROBERT H LURIE CHILDRENS HOSPITAL OF CHICAGO,362170833,Health,,Health organization with annual revenue of approximately $1526M
CONFERENCE ON JEWISH MATERIAL CLAIMS AGAINST GERMANY,131677841,Other,,Other organization with annual revenue of approximately $1523M
READING HOSPITAL,231352204,Health,,Health organization with annual revenue of approximately $1521M
ALBERT EINSTEIN HEALTHCARE NETWORK,465338502,Other,,Other organization with annual revenue of approximately $1517M
ST VINCENT HOSPITAL & HEALTH CARE,350869066,Health,,Health organization with annual revenue of approximately $1516M
STATEN ISLAND UNIVERSITY HOSPITAL,112868878,Health,,Health organization with annual revenue of approximately $1512M
SOUTHERN NEW HAMPSHIRE UNIVERSITY,020274509,Education,,Education organization with annual revenue of approximately $1511M
ST JOSEPH HEALTH NORTHERN CALIFORNIA LLC,814791043,Health,,Health organization with annual revenue of approximately $1504M
UNIVERSITY HEALTH SYSTEM INC,311626179,Health,,Health organization with annual revenue of approximately $1498M
CENTRAL ELECTRIC POWER COOPERATIVE INC,570299350,Other,,Other organization with annual revenue of approximately $1494M
NATURE CONSERVANCY,530242652,Other,,Other organization with annual revenue of approximately $1482M
ALTAMED HEALTH SERVICES CORP,952810095,Health,,Health organization with annual revenue of approximately $1480M
PHOENIX CHILDRENS HOSPITAL,860422559,Health,,Health organization with annual revenue of approximately $1480M
DIGNITY HEALTH MEDICAL FOUNDATION,680220314,Health,,Health organization with annual revenue of approximately $1480M
DEACONESS HOSPITAL INC,350593390,Health,,Health organization with annual revenue of approximately $1473M
MCHS HOSPITALS INC,810977948,Health,,Health organization with annual revenue of approximately $1462M
BAYLOR UNIVERSITY,741159753,Education,,Education organization with annual revenue of approximately $1462M
WESTERN GOVERNORS UNIVERSITY,474365018,Education,,Education organization with annual revenue of approximately $1462M
RENAISSANCE CHARITABLE FOUNDATION INC,352129262,Human Services,,Human Services organization with annual revenue of approximately $1459M
CHP OF WASHINGTON,911729710,Health,,Health organization with annual revenue of approximately $1458M
MEDICA HEALTH PLANS,411242261,Other,,Other organization with annual revenue of approximately $1453M
THE GOVERNORS OF THE UNIVERSITY OF ALBERTA,986001254,International,,International organization with annual revenue of approximately $1452M
RESEARCH FOUNDATION FOR THE STATE UNIVERSITY OF NEW YORK,141368361,Education,,Education organization with annual revenue of approximately $1443M
FORSYTH MEMORIAL HOSPITAL INC,560928089,Health,,Health organization with annual revenue of approximately $1442M
UNIVERSITY OF WISCONSIN MEDICAL FOUNDATION INC,391824445,Health,,Health organization with annual revenue of approximately $1439M
FEDERATION INTERNATIONALE DE FOOTBALL ASSOCIATION,980132529,Other,,Other organization with annual revenue of approximately $1438M
SECURITY HEALTH PLAN OF WISCONSIN INC,391572880,Other,,Other organization with annual revenue of approximately $1438M
THE UNIVERSITY OF QUEENSLAND,980127096,Other,,Other organization with annual revenue of approximately $1438M
MOTHER FRANCES HOSPITAL REGIONAL HEALTH CARE CENTER,750818167,Health,,Health organization with annual revenue of approximately $1435M
CHILDRENS HOSPITAL OF ORANGE COUNTY,952321786,Health,,Health organization with annual revenue of approximately $1431M
WILLIAM MARSH RICE UNIVERSITY,741109620,Education,,Education organization with annual revenue of approximately $1423M
MOUNT CARMEL HEALTH SYSTEM,311439334,Other,,Other organization with annual revenue of approximately $1416M
THE CARLE FOUNDATION HOSPITAL,371119538,Health,,Health organization with annual revenue of approximately $1415M
UNIVERSITE DE MONTREAL SUCCURSALE A QUEBEC,237172320,Education,,Education organization with annual revenue of approximately $1405M
RESEARCH TRIANGLE INSTITUTE,560686338,Research,,Research organization with annual revenue of approximately $1403M
DREXEL UNIVERSITY,231352630,Education,,Education organization with annual revenue of approximately $1400M
TRUSTEES OF TUFTS COLLEGE,042103634,Education,,Education organization with annual revenue of approximately $1389M
TEXAS MUTUAL INSURANCE COMPANY,742615873,Other,,Other organization with annual revenue of approximately $1386M
TEXAS HEALTH RESOURCES,752702388,Health,,Health organization with annual revenue of approximately $1385M
EISENHOWER MEDICAL CENTER,956130458,Health,,Health organization with annual revenue of approximately $1385M
CHRIST HOSPITAL,310538525,Health,,Health organization with annual revenue of approximately $1385M
CHILDRENS HOSPITAL MEDICAL CENTER OF AKRON,340714357,Health,,Health organization with annual revenue of approximately $1383M
TUFTS MEDICAL CENTER PARENT INC,270440772,Other,,Other organization with annual revenue of approximately $1379M
ASANTE,930223960,Health,,Health organization with annual revenue of approximately $1377M
BAPTIST HEALTH,710236856,Health,,Health organization with annual revenue of approximately $1377M
AEROSPACE CORPORATION,952102389,Research,,Research organization with annual revenue of approximately $1372M
BAYLOR SCOTT & WHITE HEALTH,463131350,Health,,Health organization with annual revenue of approximately $1370M
HOWARD UNIVERSITY,530204707,Education,,Education organization with annual revenue of approximately $1362M
PROVIDENCE MEDICAL FOUNDATION,330185031,Health,,Health organization with annual revenue of approximately $1350M
PENNSYLVANIA EMPLOYEES BENEFIT,521588740,Other,,Other organization with annual revenue of approximately $1348M
UNIVERSITY OF WATERLOO,980061413,Other,,Other organization with annual revenue of approximately $1348M
UNITE HERE HEALTH,237385560,Other,,Other organization with annual revenue of approximately $1346M
BAPTIST HEALTH OF SOUTH FLORIDA INC,650267668,Health,,Health organization with annual revenue of approximately $1342M
PRESBYTERIAN MEDICAL CENTER OF THE UNIVERSITY OF PENNSYLVANIA HEALTH,232810852,Health,,Health organization with annual revenue of approximately $1339M
LAKELAND REGIONAL MEDICAL CENTER INC,592650456,Health,,Health organization with annual revenue of approximately $1339M
ROYAL INSTITUTION FOR THE ADVANCEMENT OF LEARNING-MCGILL UNI,986001153,Other,,Other organization with annual revenue of approximately $1330M
HEALTHTEXAS PROVIDER NETWORK,752536818,Health,,Health organization with annual revenue of approximately $1324M
NORTHROP GRUMMAN VEBA MASTER TRUST I,953386394,Human Services,,Human Services organization with annual revenue of approximately $1322M
AMERICAN ENDOWMENT FOUNDATION,341747398,Human Services,,Human Services organization with annual revenue of approximately $1320M
NAVIGATION CHARITABLE FUND,921117448,Research,,Research organization with annual revenue of approximately $1313M
ERLANGER HEALTH,883616696,Health,,Health organization with annual revenue of approximately $1312M
SCOTT & WHITE CLINIC,742958277,Health,,Health organization with annual revenue of approximately $1310M
MICHIGAN EDUCATION SPECIAL SERVICES ASSOCIATION,381641634,Other,,Other organization with annual revenue of approximately $1309M
BRONSON METHODIST HOSPITAL,381359087,Health,,Health organization with annual revenue of approximately $1307M
BETH ISRAEL MEDICAL CENTER,135564934,Health,,Health organization with annual revenue of approximately $1306M
MERCY HOSPITAL SPRINGFIELD,440552485,Health,,Health organization with annual revenue of approximately $1298M
COREWELL HEALTH,383382353,Health,,Health organization with annual revenue of approximately $1297M
CHI ST LUKES HEALTH BAYLOR COLLEGE OF MEDICINE MEDICAL CENTER,741161938,Health,,Health organization with annual revenue of approximately $1297M
NATIONAL COLLEGIATE ATHLETIC ASSOCIATION,440567264,Human Services,,Human Services organization with annual revenue of approximately $1293M
CHAN ZUCKERBERG BIOHUB INC,811669175,Health,,Health organization with annual revenue of approximately $1290M
PRIORITY HEALTH CHOICE INC,320016523,Health,,Health organization with annual revenue of approximately $1288M
AMERICAN POSTAL WORKERS UNION,520940594,Other,,Other organization with annual revenue of approximately $1288M
DUKE HEALTH INTEGRATED PRACTICE INC,862109896,Other,,Other organization with annual revenue of approximately $1286M
TEAMSTERS WESTERN REGION AND NEW JERSEY HEALTH CARE FUND,866052021,Other,,Other organization with annual revenue of approximately $1286M
INDIANA UNIVERSITY HEALTH CARE ASSOCIATES INC,351747218,Health,,Health organization with annual revenue of approximately $1283M
LEGACY EMANUEL HOSPITAL & HEALTH CENTER,930386823,Health,,Health organization with annual revenue of approximately $1283M
VIRGINIA MASON MEDICAL CENTER,910565539,Health,,Health organization with annual revenue of approximately $1277M
ASCENSION HEALTH-IS INC,651257719,Other,,Other organization with annual revenue of approximately $1274M
UOFL HEALTH-LOUISVILLE INC,843178470,Health,,Health organization with annual revenue of approximately $1274M
GROUP HEALTH INC,410797853,Health,,Health organization with annual revenue of approximately $1261M
VILLAGE SENIOR SERVICES CORPORATION,262006545,Health,,Health organization with annual revenue of approximately $1261M
MCLEOD REGIONAL MEDICAL CENTER OF THE PEE DEE INC,570370242,Health,,Health organization with annual revenue of approximately $1253M
CITY UNIVERSITY CONSTRUCTION FUND,132587538,Education,,Education organization with annual revenue of approximately $1253M
SAINT THOMAS WEST HOSPITAL,620347580,Health,,Health organization with annual revenue of approximately $1250M
ST CHARLES HEALTH SYSTEM INC,930602940,Health,,Health organization with annual revenue of approximately $1249M
CHRISTUS HEALTH,760590551,Health,,Health organization with annual revenue of approximately $1242M
THE GOVERNORS OF THE UNIVERSITY OF CALGARY,237067592,Other,,Other organization with annual revenue of approximately $1241M
COMMUNITY BEHAVORIAL HEALTH,232766661,Health,,Health organization with annual revenue of approximately $1240M
INTERMOUNTAIN MEDICAL HOLDINGS NEVADA INC,200160881,Health,,Health organization with annual revenue of approximately $1238M
TEXAS HEALTH HARRIS METHODIST HOSPITAL FORT WORTH,756001743,Health,,Health organization with annual revenue of approximately $1233M
ADVOCATE NORTH SIDE HEALTH NETWORK,363196629,Health,,Health organization with annual revenue of approximately $1232M
LAHEY CLINIC HOSPITAL INC,042704686,Health,,Health organization with annual revenue of approximately $1228M
CENTRAL IOWA HOSPITAL CORPORATION,420680452,Health,,Health organization with annual revenue of approximately $1227M
CHRISTUS SANTA ROSA HEALTH CARE CORPORATION,741109665,Health,,Health organization with annual revenue of approximately $1225M
DRISCOLL CHILDRENS HEALTH PLAN,742838488,Health,,Health organization with annual revenue of approximately $1225M
PRESENCE CHICAGO HOSPITALS NETWORK,362235165,Human Services,,Human Services organization with annual revenue of approximately $1225M
INTEGRIS BAPTIST MEDICAL CENTER INC,731034824,Health,,Health organization with annual revenue of approximately $1223M
VALLEY HEALTH SYSTEM,800584319,Other,,Other organization with annual revenue of approximately $1222M
CARESOURCE INDIANA INC,320121856,Health,,Health organization with annual revenue of approximately $1218M
EDWARD W SPARROW HOSPITAL ASSOCIATION,381360584,Health,,Health organization with annual revenue of approximately $1211M
GENERAL ELECTRIC COMPANY INSURANCE PLAN TRUST CO V A DIAMANTE,510169382,Other,,Other organization with annual revenue of approximately $1210M
LINE CONSTRUCTION BENEFIT FUND,366066988,Other,,Other organization with annual revenue of approximately $1208M
STRATACOR,411852523,Other,,Other organization with annual revenue of approximately $1205M
130 REGIONAL WATER SYPPLY CORPORATION,813220497,Human Services,,Human Services organization with annual revenue of approximately $1204M
SOUTHCOAST HOSPITALS GROUP INC,222592333,Health,,Health organization with annual revenue of approximately $1203M
MCLAREN HEALTH PLAN INC,383252216,Health,,Health organization with annual revenue of approximately $1202M
TEXAS CHRISTIAN UNIVERSITY,750827465,Education,,Education organization with annual revenue of approximately $1198M
SSM HEALTH CARE CORPORATION,466029223,Health,,Health organization with annual revenue of approximately $1194M
FIRST HEALTH OF THE CAROLINAS INC,561936354,Health,,Health organization with annual revenue of approximately $1190M
DELTA ACCOUNT BASED MEDICAL TR,753261600,Human Services,,Human Services organization with annual revenue of approximately $1190M
DELTA DENTAL PLAN OF MICHIGAN,381791480,Health,,Health organization with annual revenue of approximately $1188M
BANK OF AMERICA CHARITABLE GIFT FUND,046010342,Human Services,,Human Services organization with annual revenue of approximately $1188M
CUMBERLAND COUNTY HOSPITAL SYSTEM INC,560845796,Health,,Health organization with annual revenue of approximately $1176M
KROGER CO HEALTH AND WELFARE BENEFIT TR FOR COLLECTIVELY-BARGAI,311444123,Other,,Other organization with annual revenue of approximately $1174M
NORTH CAROLINA ELECTRIC MEMBERSHIP CORPORATION,560995910,Human Services,,Human Services organization with annual revenue of approximately $1171M
GUNDERSEN LUTHERAN ADMINISTRATIVE SERVICES INC,391606449,Health,,Health organization with annual revenue of approximately $1171M
IDEA PUBLIC SCHOOLS,742948339,Education,,Education organization with annual revenue of approximately $1170M
COBB HOSPITAL,580968382,Health,,Health organization with annual revenue of approximately $1170M
RENOWN REGIONAL MEDICAL CENTER,880213754,Health,,Health organization with annual revenue of approximately $1167M
FLORIDA CLINICAL PRACTICE ASSOCIATION INC,591680273,Other,,Other organization with annual revenue of approximately $1164M
UNIVERSITY OF ALABAMA HEALTH SERVICES FOUNDATION PC,630649108,Health,,Health organization with annual revenue of approximately $1157M
ST LUKES HOSPITAL OF KANSAS CITY,440545297,Health,,Health organization with annual revenue of approximately $1157M
ROCHESTER INSTITUTE OF TECHNOLOGY,160743140,Education,,Education organization with annual revenue of approximately $1155M
VALLEY HOSPITAL INC,221487307,Health,,Health organization with annual revenue of approximately $1153M
ALLIANT CREDIT UNION,366066772,Human Services,,Human Services organization with annual revenue of approximately $1150M
PARKLAND COMMUNITY HEALTH PLAN INC,752603847,Other,,Other organization with annual revenue of approximately $1149M
SOUTHERN METHODIST UNIVERSITY,750800689,Education,,Education organization with annual revenue of approximately $1148M
SALEM HEALTH,930579722,Health,,Health organization with annual revenue of approximately $1141M
KETTERING COLLEGE,310621866,Health,,Health organization with annual revenue of approximately $1140M
WOODMEN OF THE WORLD LIFE INSURANCE SOCIETY,470339250,Other,,Other organization with annual revenue of approximately $1140M
CHILDRENS HEALTH CARE,411754276,Health,,Health organization with annual revenue of approximately $1138M
SHANDS JACKSONVILLE MEDICAL CENTER INC,592142859,Health,,Health organization with annual revenue of approximately $1138M
VIRTU-WEST JERSEY HEALTH SYSTEM INC,210634532,Health,,Health organization with annual revenue of approximately $1136M
JEWISH COMMUNAL FUND,237174183,Human Services,,Human Services organization with annual revenue of approximately $1135M
CAPITAL HEALTH SYSTEM INC,223548695,Health,,Health organization with annual revenue of approximately $1134M
ELDERSERVE HEALTH INC,800517818,Health,,Health organization with annual revenue of approximately $1134M
INSPIRA MEDICAL CENTERS INC,210634484,Health,,Health organization with annual revenue of approximately $1132M
UNIVERSITY COMMUNITY HOSPITAL INC,591113901,Health,,Health organization with annual revenue of approximately $1132M
